Id,NAME,ADDRESS,CITY,STATE,ZIP,PHONE,UTILIZATION
f1fbcbfb-fcfa-3bd2-b7f4-df20f1b3c3a4,LAWRENCE GENERAL HOSPITAL,ONE GENERAL STREET,LAWRENCE,MA,01842,9786834000,1
e002090d-4e92-300e-b41e-7d1f21dee4c6,CAMBRIDGE HEALTH ALLIANCE,1493 CAMBRIDGE STREET,CAMBRIDGE,MA,02138,6176652300,3
49318f80-bd8b-3fc7-a096-ac43088b0c12,COOLEY DICKINSON HOSPITAL INC THE,30 LOCUST STREET,NORTHAMPTON,MA,01060,4135822000,1
4bdaa4c2-c664-3089-aee2-7137abbad27f,HARRINGTON MEMORIAL HOSPITAL-1,100 SOUTH STREET,SOUTHBRIDGE,MA,01550,5087659771,1
37b4d73f-652d-3033-a16e-d97b9e8b4cda,ANNA JAQUES HOSPITAL,25 HIGHLAND AVENUE,NEWBURYPORT,MA,01950,9784631000,1
5844ad77-f653-3c2b-b7dd-e97576ab3b03,BAYSTATE WING HOSPITAL AND MEDICAL CENTERS,40 WRIGHT STREET,PALMER,MA,01069,4132837651,3
08bcda9c-f8c8-3244-82d4-fc306a7a55d3,BOSTON MEDICAL CENTER CORPORATION-,1 BOSTON MEDICAL CENTER PLACE,BOSTON,MA,02118,6176388000,1
4861d01f-019c-3dac-a153-8334e50919f9,NORTH SHORE MEDICAL CENTER -,81 HIGHLAND AVENUE,SALEM,MA,01970,9787411215,3
4f3a530e-a2f7-3de0-9a09-c0a70a9ab894,BERKSHIRE MEDICAL CENTER INC - 1,725 NORTH STREET,PITTSFIELD,MA,01201,4134472000,1
b1ddf812-1fdd-3adf-b1d5-32cc8bd07ebb,BETH ISRAEL DEACONESS HOSPITAL - PLYMOUTH,275 SANDWICH STREET,PLYMOUTH,MA,02360,5087462000,1
b0e04623-b02c-3f8b-92ea-943fc4db60da,LOWELL GENERAL HOSPITAL,295 VARNUM AVENUE,LOWELL,MA,01854,9789376000,1
d692e283-0833-3201-8e55-4f868a9c0736,HALLMARK HEALTH SYSTEM,585 LEBANON STREET,MELROSE,MA,02176,7819793000,3
cb6a50e0-af76-3758-99ad-3200ede03fff,BETH ISRAEL DEACONESS MEDICAL CENTER,330 BROOKLINE AVENUE,BOSTON,MA,02215,6176677000,1
e44f438a-601b-30fb-85eb-bfaf8ddcb5ad,HEYWOOD HOSPITAL -,242 GREEN STREET,GARDNER,MA,01440,9786323420,1
3d10019f-c88e-3de5-9916-6107b9c0263d,NEWTON-WELLESLEY HOSPITAL,2014 WASHINGTON STREET,NEWTON,MA,02462,6172436000,2
f4e7709c-02f6-37ca-aeea-8247d74e88e7,WINCHESTER HOSPITAL,41 HIGHLAND AVENUE,WINCHESTER,MA,01890,7817299000,3
27379046-608b-32f0-9df7-8c833cf5d11d,BRIGHAM AND WOMEN'S HOSPITAL,75 FRANCIS STREET,BOSTON,MA,02115,6177325500,1
465de31f-3098-365c-af70-48a071e1f5aa,METROWEST MEDICAL CENTER,115 LINCOLN STREET,FRAMINGHAM,MA,01701,5083831000,2
1eaf97fa-9de6-38de-a9c4-6efe5dc574be,ST VINCENT HOSPITAL,123 SUMMER STREET,WORCESTER,MA,01608,5083635000,1
56e0b3b3-4fac-3776-8fc9-7b465eb2fc17,FAIRVIEW HOSPITAL,29 LEWIS AVENUE,GREAT BARRINGTON,MA,01230,4135280790,1
161a799c-4894-36f6-8ca7-2a71c8107f79,ATHOL MEMORIAL HOSPITAL,2033 MAIN STREET,ATHOL,MA,01331,9782493511,1
05f449e8-89fc-3204-ac89-2416cc734431,PCP61,124 HARVARD ST,BROOKLINE,MA,02446-6499,617-285-3777,74
74e00d14-2bbf-3cf3-ae7a-71077abf5f3c,PCP148,175 ELM ST,SALISBURY,MA,01952-1828,978-828-2053,18
c72c73fd-0c2a-3579-b732-130984e4883c,PCP376,38,NORTHBOROUGH,MA,01532-2159,508-393-1900,62
b226e653-050e-3ca6-8917-532c52d53ee2,PCP659,328 BROADWAY,CAMBRIDGE,MA,02139-1840,617-547-7537,58
5e956b7f-ea9a-324d-a15d-b23794044d94,PCP749,200 JEFFERSON RD,WILMINGTON,MA,01887-1999,978-658-9512,104
4f963230-cf6c-30d4-9848-03c2997a2c16,PCP785,200 CORDWAINER DR,NORWELL,MA,02061-1671,781-826-0465,44
7ae92f6b-21d5-3e24-8265-d69bd2b9b4ca,PCP856,43 PENNYWISE PATH,EDGARTOWN,MA,02539-7031,508-627-7984,68
2fc2b347-cb6b-3e5e-9755-c8d08692e526,PCP1309,533 MAIN ST,MELROSE,MA,02176-3858,781-526-0992,64
dd1f04b3-54cd-3ff0-96e3-a9aec2078301,PCP1444,5 E MAIN ST,MERRIMAC,MA,01860-2005,978-346-4450,84
f6b3bda6-02ee-37cc-8c1f-8fa554e5577a,PCP1501,361 MASSACHUSETTS AVE,ARLINGTON,MA,02474-6719,781-363-1804,18
230b3872-a16b-3c49-b4cb-288c356ed3d4,PCP1901,450 W RIVER ST,ORANGE,MA,01364-1440,978-544-1503,64
340ec5ba-d3f6-32ef-bc8b-d132c2b29276,PCP1921,80 WASHINGTON ST,NORWELL,MA,02061-1741,781-871-2212,80
0b829ba7-406d-3339-b330-1e995b1d72a0,PCP2044,150 MARKET ST,LYNN,MA,01901-1529,781-592-6100,58
ad44968b-257d-36af-8f3c-a682d2a4b30b,PCP2722,175 DERBY ST,HINGHAM,MA,02043-4021,781-837-2420,82
befd832a-ba6c-3404-b7d6-a01ee45f6fe1,ATLANTIC HEARING CARE  INC,990 PARADISE RD,SWAMPSCOTT,MA,01907-1395,781-581-1500,88
9ec35f20-8d1d-34d6-8663-2ef4d94521da,PCP3000,8 GOFFE ST,HADLEY,MA,01035-9559,413-587-3111,108
18493754-0bc4-3653-89ba-fced6e9a2a79,PCP3280,18 MAIN ST,TOWNSEND,MA,01469-1300,978-597-5227,120
7e0fcfff-e432-3e12-8c28-1b798687cc6b,PCP3481,832 MAIN ST,OSTERVILLE,MA,02655-2048,508-420-4480,58
0de9633c-54dd-39cb-947c-8ab5ecdf93a2,PCP3874,2 SHAKER RD,SHIRLEY,MA,01464-2561,978-425-6666,134
1b16712e-c42b-38cc-8f9c-06c60aee8f4a,PCP3958,26 WAMPUM DR,BREWER,MA,02631-1311,508-896-4499,68
27ea3751-40d6-3fcc-88ad-4b7d0c710a7b,PCP4453,55 WAREHAM ST,CARVER,MA,02330-1716,508-280-4825,112
ad3a23c5-ee9b-361d-96ee-244364c9b63a,PCP4460,7 KIMBALL LN E,LYNNFIELD,MA,01940-2617,978-290-7090,74
bffef3f6-1fc7-3881-be74-0678fbe77b5b,PCP4576,30 COURT ST,WESTFIELD,MA,01085-3587,413-562-8045,110
6ab2e1c9-e185-3282-a4e8-d200a6f2b36c,PCP4621,282 MAIN ST,GROVELAND,MA,01834-1229,978-758-2087,50
2ebd3876-5d50-333e-83b3-a33959b8894d,PCP4695,591 N AVE,WAKEFIELD,MA,01880-1647,617-966-6669,56
04689c7d-e935-3248-9956-b21e6aa1f2ea,PCP4983,385 WASHINGTON ST,QUINCY,MA,02169-5630,617-479-1434,40
33eb7ae6-fecd-33ee-ab02-ec322aa2726e,PCP5205,63 NATHAN RD,NEWTON CENTER,MA,02459-1135,617-965-4743,68
0d768c74-92f5-367b-bd5c-76d3143e82b7,PCP5481,316 MAIN ST,OXFORD,MA,01540-1728,508-987-3771,72
ddd639be-74fd-3f52-8f40-04e2a4457ca3,PCP6114,440 HUMPHREY ST,SWAMPSCOTT,MA,01907-2544,781-598-6680,96
44c0e821-1885-3533-a7bd-55f275a23979,PCP6123,1501 BEACON ST,BROOKLINE,MA,02446-4631,617-731-4884,126
88d1ec67-f7f3-3795-895f-53814631398b,PCP6620,50 JEFFERSON ST,WINTHROP,MA,02152-2649,617-846-1734,124
973e7384-d05b-32ad-a8cc-c39191ee9150,PCP7483,152 N ST,PITTSFILED,MA,01201,413-443-8480,62
7a78e136-f3f9-336c-a1d3-61123212530b,PCP7566,131 W MAIN ST,ORANGE,MA,01364-1160,413-325-1061,70
9b49afd9-7855-3377-9dc9-28b5d1f4ca0f,PCP7628,25 MAIN ST,WAYLAND,MA,01778-5036,508-655-9127,62
a2013427-b43d-37b7-89ff-31c2dd48fdf5,PCP7900,5 ELM ST,DANVERS,MA,01923-2859,978-697-6025,76
42151624-e863-3706-8442-472fafbf2226,PCP8034,8 JACKSON RD,MARBLEHEAD,MA,01945-2831,781-990-1035,74
755debf5-7999-31ed-b86b-b42c5d3c613a,PCP8051,84 HIGH ST,MEDFORD,MA,02155-3819,857-756-3694,88
6e21d2e1-b52e-38fa-8254-8a797651c2d0,PCP8941,130 COLLEGE ST,SOUTH HADLEY,MA,01075-1537,413-519-3439,42
32836213-4ac7-3021-aad8-6383f3ced351,PCP9022,1 HOLLYWOOD DR,GRAFTON,MA,01536-1614,508-839-3616,110
d6695482-6857-3a6a-9264-97a8a0147afd,PCP9682,70 HIGH ST,ROCKPORT,MA,01966-2183,978-546-6102,140
650a367a-d609-342d-a540-a99645f509b4,PCP9751,36 N BEDFORD ST,EAST BRIDGEWATER,MA,02333-1186,508-735-9406,54
fafcf3db-7df5-3b11-8653-9032850edd62,PCP10220,680 ASHBURNHAM HILL RD,FITCHBURG,MA,01420-1866,978-423-8907,34
65583707-3e0a-35e3-8c0a-37df9efe0b23,PCP10332,19 ANNASNAPPITT DR,PLYMPTON,MA,02367-1718,781-585-8492,60
df98ec89-56ee-380f-9f1d-671ef1039720,THE EYE CARE CENTER  INC.,10 TECHNOLOGY DR,HUDSON,MA,01749-2791,978-568-8228,60
7de1976a-eff4-3ca6-ac09-274462ae76ef,PCP11412,888 MAIN ST,WINCHESTER,MA,01890-1913,781-729-2660,62
aec53c3f-8025-3167-a079-8c82c2b6255d,PCP11526,440 HUMPHREY ST,SWAMPSCOTT,MA,01907-2574,781-581-0326,194
4d4f0156-9110-3edd-aa94-53f4d58fce4a,PCP11928,55 PUTNEY RD,LEVERETT,MA,01054-9770,413-348-6257,270
3dc9bb2d-5d66-3e61-bf9a-e234c6433577,PCP12399,27 COLLEGE ST,SOUTH HADLEY,MA,01075-1155,413-446-0498,74
b19ac225-3360-3e4c-bba1-05d08fb2df78,PCP12599,211 ESSEX ST,SWAMPSCOTT,MA,01907-1150,781-598-3100,64
2e5db71a-a3b2-32ea-9c0f-2b698f1d756a,PCP12679,435 NEWBURY ST,DANVERS,MA,01923-1065,978-777-7188,72
3b1a947e-27b4-34ed-a565-405720467b8d,PCP13526,115 MILL ST,BELMONT,MA,02478-1041,617-855-2514,132
5f6fe06a-a687-3540-8cab-fda5744d8a29,PCP13802,986 SARATOGA ST,EAST BOSTON,MA,02128-1142,617-846-3330,204
0aa388c5-cfe9-3563-945a-05aa2bcf1cfc,PCP13934,45 STERLING ST,WEST BOYLSTON,MA,01583-1268,774-535-2947,66
6236e299-a751-3819-8b06-a17004bdbbfd,BOSTON VISION WORKS INC,335 MAIN ST,SAUGUS,MA,01906-3143,781-233-9570,134
63b12098-a29c-357d-b1c0-4dcc2f0b6d6c,PCP14226,250 BOSTON TURNPIKE,SHREWSBURY,MA,01545-5265,508-791-6809,56
0e395cae-a0c5-3794-9a77-19654a835c12,PCP14251,218 BOSTON ST,TOPSFIELD,MA,01983-2200,978-887-01011,88
4810c1d2-5d3c-3ab5-a813-ae6801ff7f67,PCP14621,927 TEMPLE ST,WHITMAN,MA,02382-1057,781-718-4038,122
21761c44-ee20-3e94-a931-fe843f4fbc2e,PCP15170,451 ANDOVER ST,NORTH ANDOVER,MA,01845-5079,978-640-8989,64
c58b8233-f282-3b13-ad4e-923efb2ac061,PSYCH CARE ASSOC PC,185 W AVE,LUDLOW,MA,01056-1717,413-583-6750,78
6af994a6-2a1c-3095-84da-6e0d21af18fb,PCP15695,89 NEWBURY ST,DANVERS,MA,01923-1075,978-774-0500,92
27e8255f-578f-324d-a280-7ca7f9ab1eaa,PCP16012,197 LAFAYETTE ST,SALEM,MA,01970-4739,978-744-2675,80
8e28c77b-7ac8-3b1e-9128-3d0143b39810,PCP16195,178 NO PLEASANT ST,AMHERST,MA,01002-1978,413-253-7285,122
95394b17-2f1f-3c42-b4e2-233704fb9195,PCP16338,65 POST OFFICE PARK,WILBRAHAM,MA,01095-1159,413-366-1717,56
4b038afe-d6cb-34db-a396-403a491d0e3d,PCP16384,1 ARNOLD CIR,CAMBRIDGE,MA,02139-2250,617-438-4166,44
1aff39b8-795f-3b7f-ba33-72648f3fa068,PCP16544,6 HASCALL ST,SHREWSBURY,MA,01545-2904,508-845-2778,64
29564e82-e7f8-3aeb-8d9c-1e3fd73ca340,PCP16674,1 W UNION ST,ASHLAND,MA,01721-1463,508-881-4443,42
eb1fb7da-4f55-3d09-b5f7-201b3a5035c9,PCP17732,115 MILL ST,BELMONT,MA,02478-1064,617-855-3905,136
6d7e1051-7a28-33f6-9c50-608a10792892,PCP17777,44 STERLING ST,WEST BOYLSTON,MA,01583-1217,508-835-6200,98
17858e6e-2c6a-3458-8ef6-2c0dd5d834cf,PCP17778,840 MAIN ST,MILLIS,MA,02054-1542,508-376-4262,72
efaf2e2d-bce0-3d89-8409-899aa9f459a7,PCP17804,22 MILL ST,ARLINGTON,MA,02476-4738,617-515-8984,26
76c097a5-448a-33f9-ad85-580f4d3dc2f0,PCP18126,29 E ST,HINGHAM,MA,02043-1903,781-740-1059,20
5aa98f16-c832-3ec5-b52a-2691978cc235,PCP18474,80 BROADWAY,REVERE,MA,02151-5305,781-289-7929,138
d4ce205d-2ce3-370f-baad-c64401aa3bb4,PCP18601,20 POND ST,MARBLEHEAD,MA,01945-3454,781-631-8752,72
0e4bf3ca-1a8c-37f0-b4b7-d6b5dad20fb6,PCP18643,84 HIGH ST,MEDFORD,MA,02155-3819,781-391-6222,196
3553d3a5-68c0-3da6-8aed-37f3bd7209c9,PCP19378,53 COUNTY RD,MATTAPOISETT,MA,02739-1652,508-758-1330,62
eddb3499-bc41-38e3-abd5-7d49a906a725,PCP19538,224 GOODMANS HILL RD,SUDBURY,MA,01776-2414,978-443-3303,24
6472aecb-59a3-335c-ad37-65209b405963,PCP19729,378 S MAIN ST,BRADFORD,MA,01835-7379,978-382-3658,40
1607e74e-eb20-3211-9558-1005aac29c94,PCP19836,1 PLEASANT ST,MAYNARD,MA,01754-1360,978-897-8276,114
c08ed377-c346-337a-8bf0-75e7ca2cab1f,PCP20037,825 BROADWAY,RAYNHAM,MA,02767-1734,508-822-6650,78
11b41a9a-a2bb-3bec-8b5d-29a1cf6d96c0,PCP21176,2 ENON ST,BEVERLY,MA,01915-1164,617-645-0200,64
96dea973-aaeb-3488-8295-ea624de3fd33,PCP21502,154 HAVERHILL ST,METHUEN,MA,01844-3400,978-794-9500,70
a369fdd9-db24-3a43-9c8b-9b1679b55fc5,PCP21971,601 NEWTON ST,SOUTH HADLEY,MA,01075-2066,413-534-7200,60
572011b1-4787-3e18-a961-1b233d229036,PCP21995,240 LYNNFIELD ST,PEABODY,MA,01945,978-532-4411,56
5519120c-af24-3f39-bb6c-b7fc0b50c8e6,PCP22063,630 S MAIN ST,LANESBOROUGH,MA,01237-9726,413-236-0995,116
4d56fa0c-0dae-33db-a5bc-4a634e81529a,PCP22201,361 MASSACHUSETTS AVE,ARLINGTON,MA,02474-6719,781-646-92323,144
b5224693-0819-3f63-9e94-ab96794d5ccc,PCP23079,FAMILY CONSULTANTS,SAGAMORE BEACH,MA,02562,508-833-3800,88
6bba491a-7eac-319f-9e26-cbb181e1c04b,PCP23856,441 MAIN ST,MELROSE,MA,02176-3859,781-662-5360,190
21fa547f-6fa2-393c-8466-06386d6eaeb9,PCP24743,62 BROWN ST,HAVERHILL,MA,01830-6778,978-372-3201,56
10968ba2-75e7-351a-a73a-c37a2a8dfcfc,PCP25544,65 EASTERN AVE,ESSEX,MA,01929-1300,978-290-8889,106
279b2a85-ab64-3dec-90df-fbca8b479db5,PCP25692,48 CHERRY ST,WENHAM,MA,01984-1313,978-473-6078,76
87150be3-c9fd-369a-af45-52493f8451df,PCP26028,531 SUMMER ST,BARRE,MA,01005-9589,413-237-5665,92
90be62ae-2977-30cf-b15d-d9c542a1049d,PCP26230,9 RESEARCH DR,AMHERST,MA,01002-2775,413-253-0440,76
e89fc67f-7cf0-3687-bf77-b4afa1a88fd8,PCP26392,183 W STATE ST,GRANBY,MA,01033-9611,413-222-0998,144
ce5885ec-441e-3c4e-8d37-49a648032d3b,PCP26525,84 JERUSALEM RD,COHASSET,MA,02025-1412,781-236-2094,114
e3b6c45e-c3d3-3382-b40a-efcfe7383eb4,PCP26794,234 LITTLETON RD,WESTFORD,MA,01886-3530,978-393-1770,54
6ef1831a-9829-3126-afd9-65256a6d5bae,PCP27942,ONE WIDGER RD,MARBLEHEAD,MA,01945-2146,781-599-6582,130
06b674fe-6955-3f39-acbb-8943bc8703ec,PCP28448,153 BOLES RD,MARSHFIELD,MA,02050-1765,781-837-2971,102
a5816e38-d79c-359b-b920-84a4c3f4667a,PCP28807,223 CHIEF JUSTICE CUSHING HWY,COHASSET,MA,02025-1416,781-383-0860,146
f4f9d4b3-6bd4-360f-934d-ea6533f50a5d,PCP28890,1083 MAIN ST,HINGHAM,MA,02043-3961,781-749-3895,98
13ac250b-43af-387a-b3ab-f50eedab3ea8,PCP29182,22 MILL ST,ARLINGTON,MA,02476-4744,781-488-3294,68
74f30d9f-4d98-39ff-a337-9c4c687806a5,PCP29415,1445 MAIN ST,TEWKSBURY,MA,01876-2082,978-851-4251,104
02e8fab6-4962-3ab9-9998-2ef42578f3fe,PCP29480,1 MERRIMAC ST,NEWBURYPORT,MA,01950-2562,978-521-5624,88
fafbeb88-4ef5-365a-83a1-e1cffd72c9e0,PCP30027,A BALANCED WAY,STOW,MA,01775-1035,978-897-9797,78
cdef2b44-68c9-33a3-8965-74043edd6fc5,PCP30152,35 POST OFFICE PARK,WILBRAHAM,MA,01095-1186,413-596-6922,82
ff76282f-7968-39c7-82f9-2d86c93990a6,PCP30512,10 RICHARDS AVE,PAXTON,MA,01612-1120,508-757-0376,106
a42709c5-4d2e-3911-8054-42830156dc40,PCP30961,389 LINDSAY POND RD,CONCORD,MA,01742-5217,978-397-5447,66
a6c412ac-1c2b-379b-94cb-ed0d3502df6e,PCP31153,601 HIGH ST,DEDHAM,MA,02026-1854,781-352-0930,166
4716ee08-035e-3e2f-a9fd-e3eb63bd0f9a,PCP31438,35 LITTLEFIELD RD,NEWTON CENTER,MA,02459-3009,617-244-0109,64
a09aadfa-1fd5-31e2-b2ec-b26c57aced68,PCP31439,345 BOSTON POST RD,SUDBURY,MA,01776-3033,978-518-0825,72
6dc4576a-e9ae-3552-8f3f-d28a630c97f6,PCP32000,93 CONCORD AVE,BELMONT,MA,02478-4054,978-337-1503,68
cfc28305-1a9c-3724-97ea-4524d6f4fd95,PCP32087,599 CANAL ST,LAWRENCE,MA,01840-1244,508-269-5100,62
825d989b-752b-327e-a103-33079b0091c7,PCP32108,17 WHISTLESTOP MALL,ROCKPORT,MA,01966-1441,978-546-8440,60
b2671c0f-9623-3d36-b42c-3cb5f5dea42f,PCP32258,4 MILLBROOK DR,WILBRAHAM,MA,01095-2706,413-596-9096,116
be1602d7-4ba8-394c-acb1-31f3945a8402,PCP32589,428 POINT RD,MARION,MA,02738-1938,508-748-3310,120
a73dc7d1-a1d7-3af6-aa90-af7ffda7b1af,PCP32708,17 CAMERON RD,WAYLAND,MA,01778-3101,508-358-5918,76
b1516ff8-952b-3f90-a485-e43e29cbf469,PCP33041,14 MAIN ST,SOUTHBORO,MA,01772-1614,508-787-9713,70
a72b5ce8-fc62-37ac-97a7-cf9925ea15f2,PCP33560,54 MILLER ST,QUINCY,MA,02169-4725,617-376-2095,102
c8237a24-4ce9-3ecb-8b16-fb6459c8bc7a,PCP33589,14 BESSOM ST,MARBLEHEAD,MA,01945-2329,617-523-2766,142
b78de2f3-f0d7-3905-a692-7c3144d5b11b,PCP33757,68 JOSEPHINE AVE,SOMERVILLE,MA,02144-2207,617-625-8797,62
8fbdc477-d05c-3d67-96f1-4fbf1b08102d,KAREN HOLMES PHYSICAL THERAPY  LLC,191 ELM ST,SALISBURY,MA,01952-1814,978-499-1870,140
6a9bde1f-ba9f-3298-8f8a-6a7267e1972d,PCP34264,3 ESSEX GREEN DR,PEABODY,MA,01960-2913,508-843-1801,66
be96eec8-d9d1-3f00-84d7-647bf90d9a0d,PCP34429,449 ROUTE 130 4,SANDWICH,MA,02563-2339,508-888-9241,42
2e8bf5c3-f2a3-38eb-a699-6e1da6b4c218,PCP34632,148 LINDEN ST,WELLESLEY,MA,02482-7916,781-237-4044,132
0f0b00f3-4ad6-3852-b2e1-9195dbff8843,VANTAGE SPORTS AND REHAB  LLC,1581 N MAIN ST,PALMER,MA,01069-1232,413-283-8303,64
07832985-ceca-3614-852a-2da55166ecec,PCP36541,165 OLD KINGS RD,ORLEANS,MA,02653,617-777-0483,70
e4985463-921d-38b5-a6dc-c2f8f78a884f,PCP37016,25 MARSTON ST,LAWRENCE,MA,01841-2355,978-687-2586,34
42b121dc-0634-3067-9e79-465562a2b74e,PCP37143,24 LANDMARK LN,ROCKPORT,MA,01966-1239,978-546-3838,164
502dd65a-e826-3bca-89bb-448b81ddbc15,PCP37168,39 PLYMOUTH ST,HOLBROOK,MA,02343-1510,781-767-4207,214
b086a64a-e56f-3838-91c6-4cbdccf1a1b3,PCP37507,36 STONEBRIDGE RD,WAYLAND,MA,01778-3023,508-655-4517,72
0754a3e7-2228-39c5-a5b2-5f1a8e1681db,ANDOVER SURGICAL ASSOCIATES  INC.,140 HAVERHILL ST,ANDOVER,MA,01810-1550,978-475-4202,26
daad70f0-5913-38ff-af69-3e160a44b949,PCP38272,505 NASHUA RD,DRACUT,MA,01826-1929,978-957-4474,40
a0541bbb-46e8-3293-9d1d-08246756db63,PCP40373,402 A HIGHLAND AVE J,SOMERVILLE,MA,02144-2511,617-284-6252,190
7278633d-ddbc-3987-826f-6be9e96303e4,PCP41309,7 FEDERAL ST,DANVERS,MA,01923-3620,978-828-4255,38
3e3b089c-4e4f-3831-8607-cbf21c17f65e,PCP41565,123 UNION ST,EASTHAMPTON,MA,01027-4100,413-387-0051,84
32c0bb41-cee2-3c44-8374-407f7fb23a65,PCP41892,50 ROWE ST,MELROSE,MA,02176-3201,617-512-9377,118
4275b879-db32-3e45-9bc3-eb47f70e3f1d,MOBILE MEDICAL GROUP MA PC,109 RHODE ISLAND RD,LAKEVILLE,MA,02347-1370,781-489-5717,66
f14a4a5b-ad5c-3ecd-95b2-1b9d6c80f50d,PCP42852,565 TURNPIKE ST,NORTH ANDOVER,MA,01845-5936,508-836-8984,24
96120c3c-bece-38d9-bc63-4c44368233ac,PETER J KELLY MD PC,1504 N MAIN ST,PALMER,MA,01069-1215,413-283-3511,52
2269bc9e-cade-3aaa-a2e5-fbd322cd2ad0,PCP43736,983 BENNINGTON ST,EAST BOSTON,MA,02128-1134,617-567-6666,210
945768aa-2200-3476-b042-993a9df74c65,BACK TO YOU PHYSICAL THERAPY AND SPORTS MEDICINE INC.,19 N MAIN ST,SHERBORN,MA,01770-1546,617-571-7323,68
f60d122d-af1c-3d1c-a013-f84d8a8679a8,PCP44430,238 WAREHAM RD,MARION,MA,02738-1166,774-274-0768,58
411735bd-f830-3011-a59f-c3f84a1f042e,PCP44598,30 HARDWICK RD,PETERSHAM,MA,01366-9701,978-724-3424,56
8a31a7a3-30cb-3cd9-8baa-025cae6f4e4c,PCP44938,62 S MAIN ST,SHARON,MA,02067-1920,781-784-1700,128
7dfc4528-f03f-3ad0-91a3-229368914349,JESSICA CROOKER OD  PLLC,85 FRONT ST,SCITUATE,MA,02066-1315,617-299-1125,116
4f51b495-ff6a-3b1d-87af-fb6c433a71df,MOON HEARING SERVICES  LLC,23 WARREN AVE,WOBURN,MA,01801-4979,781-573-3277,122
f341b9d9-cd82-3510-b4f2-06d2f46d3455,COMPREHENSIVE PHYSICAL THERAPY  PC,23 WARE ST,WEST BROOKFIELD,MA,01585-3137,508-867-0180,84
b8dc71b2-c5bb-3a22-845d-ec6053397e1a,PCP47622,161 EASTERN AVE,LYNN,MA,01902-1307,781-864-3054,62
5ff7960c-f292-3861-87a4-7eb8095bfed1,PCP47688,2100 LAKEVIEW AVE,DRACUT,MA,01826-3048,781-956-1709,152
6dffe5a9-5380-3a07-98c8-5e9ba17bd7f6,CUMMINGS PHYSICAL THERAPY INC,425 REVERE ST,REVERE,MA,02151-4543,781-284-7597,124
9f2ababd-de5b-30d5-9169-359ffb46abbd,CUMMINGS PHYSICAL THERAPY INC,6 BARTLETT RD,WINTHROP,MA,02152-2913,617-846-0832,210
4b322499-4ab0-3811-b1a5-88d16de33995,BRIGGS CHIROPRACTIC OFFICE P C,320 CENTRAL ST,SAUGUS,MA,01906-2371,781-233-4122,66
d69bfc09-a808-34b3-8c1c-bb953395feb8,BOSTON EVENING THERAPY ASSOCIATES LLC,7 KENT ST,BROOKLINE,MA,02445-7959,617-738-1480,32
c78fd2bf-1131-389d-a75a-c5d3f7b1b8ef,JOHN F YEE  MD  PC,596 BROADWAY,EVERETT,MA,02149-3743,617-387-3330,98
3ad8f3a6-047e-3ade-8ff6-6ad9901e53d3,PCP50256,173 MOUNT AUBURN ST,WATERTOWN,MA,02472-4005,781-641-2210,84
6a3e94e6-72c3-3cbc-b828-babcf6602165,MOUNTAIN VIEW FAMILY PRACTICE  PC,570 BALDWINVILLE RD,BALDWINVILLE,MA,01436-1351,978-939-2133,40
04f553c5-5858-30a6-b318-f1e07a89c8bf,PCP51535,99 WALNUT ST,SAUGUS,MA,01906-1981,617-791-4805,270
43e52699-e1fe-34e6-ae24-242f2957b595,PCP52095,300 1ST AVE,CHARLESTOWN,MA,02129-3109,617-952-5157,50
d8cd2410-bbcb-3665-98f9-6ea59a8690f4,CENTRAL MASSACHUSETTS PHYSICAL THERAPY AND WELLNESS LLC,354 W BOYLSTON ST,WEST BOYLSTON,MA,01583-2373,508-852-3700,124
b19add35-ad10-304e-b25a-f71442ed4eb4,WELLCARE CHIROPRACTIC CENTER,230 LOWELL ST,WILMINGTON,MA,01887-3087,978-658-7700,30
c9ac997e-b091-3824-82b6-f274073087d3,PCP55295,2 MECHANIC ST,EASTHAMPTON,MA,01027-1562,413-218-6933,88
c630e3ac-3fdf-32cb-9749-5dc53cbbf9c6,PCP57225,1127 SALEM ST,MALDEN,MA,02148-4699,781-324-6192,68
001d000f-be37-3cf2-9339-6b613dd0117d,EYE ASSOCIATES PC,500 SALEM ST,WILMINGTON,MA,01887-1200,978-658-2880,68
eadeb4fd-c28c-3933-b6d1-fc0ae5d4af2e,PCP57734,166 COLLEGE HWY,SOUTHAMPTON,MA,01073-0431,413-527-9903,62
6909b0b6-1423-3aee-b9c9-c089fbfe26fb,PCP58043,236 MAIN ST,STONEHAM,MA,02180-1251,781-438-2252,88
4cf89aa2-d64e-36b4-a382-50ca95fe3475,PCP58726,18 HEDGEROW LN,AMHERST,MA,01002-1695,413-256-6146,54
e3ee28a3-6512-364f-bebf-c309d3a6be37,EYE HEALTH ASSOCIATES LLC,70 HUTTLESTON AVE,FAIRHAVEN,MA,02719-3140,508-994-2020,68
03f162f5-ad40-3c16-899b-a832b625b0c7,PCP59278,452 PLEASANT ST,MALDEN,MA,02148-8117,781-324-8704,84
af697ac7-5112-3c05-9ea7-01e65d214259,PCP60041,23 WATER ST,HOLLISTON,MA,01746-2364,508-429-2128,48
9f0d71cf-4f11-38cb-b4d5-0ac00b26deb5,PCP60905,37 STONEBRIDGE RD,WAYLAND,MA,01778-3024,508-650-1802,126
82be28cd-5bd8-3a67-94da-c7450ffad4ad,PCP61723,175 DERBY ST,HINGHAM,MA,02043-4028,781-749-1300,40
3c675728-0188-3d8b-baee-3b871b1957e6,PCP62792,100 CUMMINGS CTR,BEVERLY,MA,01915-6119,978-491-0638,76
0babcc2b-4567-33fe-aac0-cbc75fc404fc,SCITUATE PODIATRY GROUP INC,10 NEW DRIFTWAY RD,SCITUATE,MA,02066-4546,781-545-9285,92
9712132c-71c8-3289-bef1-1cc69e3f3bc4,PSYCHOTHERAPY ASSOCIATES OF NORTH READING,58 CONCORD ST,NORTH READING,MA,01864-2602,978-664-2566,12
825c9254-2ca4-335c-8abf-b33dc19e796c,PCP63533,6 BARTLETT RD,WINTHROP,MA,02152-2913,617-846-3502,228
43ee324a-90df-3edf-a08c-e4749a110ba1,PCP63868,5 WATSON RD,BELMONT,MA,02478-3900,617-489-2573,120
d3a37ebc-8040-3403-a9fb-803082ed6ee0,PCP64498,320 BOLTON ST,MARLBOROUGH,MA,01752-3980,508-485-0801,90
2c545949-d2fa-3ced-815b-bec5407c3042,CHARIS CENTER SOUTH  INC.,22 FAITH AVE,AUBURN,MA,01501-1806,508-832-3238,104
88ce3362-6546-325f-a540-1b7c93040d54,PCP64772,563 MAIN ST,BOLTON,MA,01740-1300,781-843-4499,96
7f568a78-1626-3652-8748-c1f22970e9ef,HAMPDEN PODIATRY ASSOCIATES,77 WINSOR ST,LUDLOW,MA,01056-3486,413-589-7287,58
f5c2ed46-d994-33c7-bc9e-c723b8ad24a0,PCP65005,1 ORR SQUARE C,REVERE,MA,02151-3200,781-289-2144,88
ba1ba4e5-cedf-3b83-8501-3e32b4581945,PCP66345,1214 BENNINGTON ST,EAST BOSTON,MA,02128-1203,617-569-6607,152
5db9c918-9e4d-38bb-a94c-2c031fcb6fb0,CRABBE CHIROPRACTIC  INC,132 S MAIN ST,ACUSHNET,MA,02743-2772,508-998-2800,130
728d289d-ebe1-3751-8536-4f0240eafd87,PCP66602,4 W MAIN ST,WESTBOROUGH,MA,01581-1902,508-366-8534,62
04b0900a-2ae4-3360-b9a5-1b3eb2bdd8a2,PCP67456,140 N VALLEY RD,PELHAM,MA,01002-9766,202-445-7271,214
1323b753-623b-3177-9904-8829f1fc7ace,PCP67580,147 POWERS RD,SUDBURY,MA,01776-1043,508-653-6518,20
77ce5075-fee8-333c-8505-2c32ead72e3d,PCP68574,17 ELM ST,BOXFORD,MA,01921-2321,978-887-6040,142
dfaa68c4-d3ff-3d23-8a29-235efa0b19a4,PCP68677,684 MAIN ST,WAKEFIELD,MA,01880-5207,781-224-1920,84
f4cef68e-e2d7-369a-9c81-d0480b279976,PCP68914,24 WACHUSETT DR,LEXINGTON,MA,02421-6913,781-354-7327,118
58fe1815-1e8a-38ed-a91a-17d4ef18c8d8,PCP68975,259 MAIN ST,ASHLAND,MA,01721-2115,508-881-4368,44
4a52148e-3f36-3c19-8964-28263bf687d9,PCP69746,70 NEW OCEAN ST,SWAMPSCOTT,MA,01907-1831,781-581-7300,64
8e9209b3-bf8b-3953-81d8-d51004897c4c,PCP70511,234 RUSSELL ST,HADLEY,MA,01035-3534,413-374-1090,78
8b607111-30ff-3014-bf43-3a9d61993538,CHAMPIONSHIP PHYSICAL THERAPY LLC,57 PUTNAM ST,WINTHROP,MA,02152-2902,617-846-5609,64
138270f4-99ee-394e-ba4a-b7ea1cd0c17d,PCP71352,130 COLLEGE ST,SOUTH HADLEY,MA,01075-1532,413-532-1177,90
80197b18-7cec-34c2-a971-adc104a7560a,PCP72078,150 PLEASANT ST,EASTHAMPTON,MA,01027-1179,413-535-6267,68
9e28776c-2cd0-3f91-a942-e0a6974c9f0e,PCP72332,166 VILLAGE ST,MILLIS,MA,02054-1730,508-376-8104,12
00c3b57c-731b-3715-a32b-bc633c42f76e,PCP72625,180 STATE RD,SAGAMORE BCH,MA,02562-2362,508-888-7221,104
5e912b42-5e81-3ad7-81e3-1dd00ab5320a,PAUL E GREENFIELD,52 CREST AVE,WINTHROP,MA,02152-1064,617-846-7088,100
f99d8152-b3f1-31a6-93fe-a24822199e5e,PCP74658,60 OCEAN HILL DR,KINGSTON,MA,02364-3010,781-312-8584,16
12ace70e-91ed-35c1-a943-afb8f4976c0e,PCP74715,57 HIGHLAND AVE,SALEM,MA,01970-2141,617-922-4585,168
a4d9807c-ee1c-3cd6-94e5-c46ffae90643,PCP75141,76 BEDFORD ST,LEXINGTON,MA,02420-4640,339-223-0250,100
bfeae2e9-89aa-3d5d-b41b-ebf0082b09cd,NEPONSET VALLEY ORAL AND MAXILLOFACIAL SURGERY ASSOCIATES  PC.,841 MAIN ST,WALPOLE,MA,02081-2997,508-660-2900,78
6aec8f74-601a-33f4-bad8-ddaf92be0fd9,PCP77505,40 WRIGHT ST,PALMER,MA,01069-1138,413-531-8204,62
e8d33a84-cad5-306a-9982-b011e4da175e,PCP77608,185 LINCOLN ST,HINGHAM,MA,02043-1743,781-740-2349,78
f2fd3dd9-c924-33e8-bf5f-ad34316959a4,PCP77926,45 STERLING ST,WEST BOYLSTON,MA,01583-1268,774-261-8530,90
2dc7a6b2-bee6-3ae6-b3fe-4117382d73ee,PCP78624,56 MAIN ST,ASHBURNHAM,MA,01430-1242,978-790-5789,150
fb28cf4c-955b-32c7-906e-4b9ad6f5678a,LC HOLBROOK  INC.,169 N FRANKLIN ST,HOLBROOK,MA,02343-1111,781-767-5200,148
73162ed1-25cc-3181-80a6-60e9310139c5,PCP80353,70E FALMOUTH HWY 6,EAST FALMOUTH,MA,02536-5960,508-591-0077,70
207fb60f-2e5b-3656-bed2-d5bb48d37e41,PCP81046,45 STERLING ST,WEST BOYLSTON,MA,01583-1268,508-754-6444,24
75bce424-82dd-3c8e-9a24-8bb2b2939174,PCP81055,180 SHIRLEY AVE,REVERE,MA,02151-3257,781-284-5954,130
3ae19a8a-e2c4-3d17-abca-63c5cb11c1fb,PCP81330,838 R WASHINGTON ST,HOLLISTON,MA,01746-3600,508-335-4165,64
4c778d4c-6db0-3f0d-8169-6042d13eccb5,PCP83017,23 COLLEGE ST,SOUTH HADLEY,MA,01075-1414,413-532-7647,156
0507f525-c041-34d0-b731-f39f2b7239c0,PCP83022,32 E NORTHFIELD RD,NORTHFIELD,MA,01360-9668,413-773-0009,50
7f7c08c8-1c39-3b26-bd34-5122a003dd91,PCP83180,107 FERRY ST,EVERETT,MA,02149-4940,617-389-6951,140
2fd69f6a-d011-3e4e-9fb6-39710404a5d5,PCP84277,29 CHESTER ST,WATERTOWN,MA,02472-4002,,136
bc7682db-e180-3af0-b1c2-1c832db01d63,DUFER LLC,15 CHANNEL CTR ST,BOSTON,MA,02210-3423,617-608-3695,58
56090ab7-1f97-37ff-a434-194f9c6e5510,PCP87052,1540 BRIDGE ST,DRACUT,MA,01826-2611,,194
e8d6516c-762f-38b4-9b22-9f438eab1012,MIDDLESEX CARDIOLOGY ASSOC,50 ROWE ST,MELROSE,MA,02176-3201,781-979-3440,64
e31728d2-e211-354d-9bb6-798887761da5,PCP88738,9 MILL AND MAIN PL,MAYNARD,MA,01754-2651,,70
7b55b090-9478-3a40-8761-fd13452ae359,NORTHEAST SENIOR OPTIONS LLC,1 R NEWBURY ST,PEABODY,MA,01960-3816,978-535-1606,170
b5f85336-0c23-3bd8-9d99-3e3279032f3a,PCP89558,722 CENTRE ST,JAMAICA PLAIN,MA,02130-2516,,66
ea04cb4f-a20f-3ae3-a938-79a5ffb2cc86,PCP90191,142 SHIRLEY AVE,REVERE,MA,02151-3211,,162
20417c65-4950-3a66-b972-15fb309ffe55,REHAB RESOLUTIONS INC,1111 ELM ST,WEST SPRINGFIELD,MA,01089-1540,413-736-2250,32
927793de-5e96-38ba-9944-14f40ad591c9,PCP91447,359 RUSSELL ST,HADLEY,MA,01035-3536,413-584-8324,106
e0ba4ea4-4658-3465-8ed1-171d87ebf9d2,PCP92222,80 MECHANIC ST,ATHOL,MA,01331-2053,978-249-7818,64
0b59187e-7835-3ccf-ba76-f3ced345408b,PCP93417,315 MAIN ST,NORTH READING,MA,01864-1326,,66
f9d686d4-0133-30a3-ab72-80c9e93921f4,PCP95496,169 N FRANKLIN ST,HOLBROOK,MA,02343-1111,,116
c0dab828-5db5-3e9f-8529-cf7dd1d1ed33,PCP95658,99 4TH ST,CHELSEA,MA,02150-2326,,82
67aba1af-f993-3382-9f56-35ad0725c210,SHANNON AND HUNTER PC,203 TURNPIKE ST,NORTH ANDOVER,MA,01845-5038,978-682-5255,78
8233620f-a2f9-33b1-bbef-4d008ca8470a,PCP103195,175 DERBY ST,HINGHAM,MA,02043-4047,,122
e55a9e25-912b-32de-b68b-eeca0fc9553d,PCP103582,599 MAIN ST,MALDEN,MA,02148-3920,,58
49576e6f-f875-3d69-89a7-1bd016f0b33a,PCP104516,171 MAIN ST,ASHLAND,MA,01721-1185,508-881-7766,94
cc1eb18f-5d39-3ac9-b326-9bb0e349d7dc,PCP104937,1029 PLEASANT ST,BRIDGEWATER,MA,02324-2472,,58
7048f223-5fe7-3864-a96e-b9acc08cc8c7,PCP106281,141 BRIDGE RD,SALISBURY,MA,01952-2400,,116
f748dcc8-2afe-3c41-a3b4-461e47a33a13,ASTHMA AND ALLLERGY AFFILIATES,80 LINDALL ST,DANVERS,MA,01923-2135,978-777-0970,64
abd13c9a-fc39-3fac-9de2-9cd307fe49b7,PCP107325,57 PROSPECT ST,NANTUCKET,MA,02554-2799,,38
5465c0e6-2534-361a-9e74-5dcbdeca2d2a,PCP111090,1 WIDGER RD,MARBLEHEAD,MA,01945-2100,,42
7557171c-93b9-31af-b637-76680b6cb085,PCP112806,64 CENTRAL ST,GEORGETOWN,MA,01833-2415,,60
1d3233d2-029a-392f-86b2-9f102d5461cf,PCP113463,25 MARSTON ST,LAWRENCE,MA,01841-2310,,36
d9242200-7588-3df0-8ff0-61a45b07c487,PCP114043,32 NYE AVE,ACUSHNET,MA,02743-2750,,286
585ca21e-00e8-3c7d-b21f-70e863497cd2,PCP114946,538 NANTASKET AVE,HULL,MA,02045-2535,,74
00065b1c-5e71-3da5-907f-e9fc33eddbbf,PCP115959,170 MAIN ST E,MONSON,MA,01057-1353,,116
2081b743-fb07-3f55-a1f0-1d4334fbb37d,PCP116153,100 COPELAND DR,MANSFIELD,MA,02048-1245,508-954-2372,54
ca857cf3-cda4-3db3-bb09-62d836ac3f94,PCP116575,23 VILLAGE INN RD,WESTMINSTER,MA,01473-1660,978-874-6200,146
c2c9a655-efd6-36f5-af9c-3dd46c1f7a03,PCP116731,679 PLEASANT ST,PAXTON,MA,01612-1380,,58
3c459c2e-dd57-3035-826e-e58822a09bb8,LEONARDO PHYSICAL THERAPY,230 LOWELL ST,WILMINGTON,MA,01887-3088,978-657-7404,144
8d3da56a-4d17-35a3-9259-eaefe3dc983d,PCP117906,400 W CUMMINGS PARK,WOBURN,MA,01801-7233,,48
a88ffeae-5f8c-31a5-8940-721a44591084,PCP119659,11 MAYO DR,HOLDEN,MA,01520-1539,508-829-5599,58
4fef7da2-d425-37a0-a7fc-4ed10f6afc68,BROADWAY PHYSICAL THERAPY  INC.,185 SQUIRE RD,REVERE,MA,02151-1234,781-284-0559,64
05813beb-ff40-3aae-9735-d0540f3326a0,PCP121122,191 CITY DEPOT RD,CHARLTON,MA,01507-5445,,94
ac281213-22c0-3d17-9ee6-cfd3e8972553,PCP122190,565 TURNPIKE ST,NORTH ANDOVER,MA,01845-5936,,58
476a6290-43dd-32db-872f-9c7ad4f04d56,EXETER EYE ASSOCIATES LLC,159 SQUARE ONE MALL,SAUGUS,MA,01906-4181,781-231-1535,42
ab2c9205-7101-34df-bdbb-84ac18fa33bc,PCP124560,5 HIGH ST,MEDFORD,MA,02155-3800,,56
4b8a8b50-47d3-3c4f-a8b3-1f788113c39b,PCP125275,76 A FRONT ST,SCITUATE,MA,02066-1370,,144
d63b0ba6-2173-34fc-83f2-fff19532a666,TODAYS WELLNESS PLLC,790 TURNPIKE ST,NORTH ANDOVER,MA,01845-6144,508-238-8646,148
1be0f903-835f-3472-8ddb-ec66b56cd4aa,PCP126177,25 CHARLES ST,HOLLISTON,MA,01746-2105,,36
6eb642c6-9c0d-35a4-af6d-a29b6bf0f59e,MANHAN INTERNAL MEDICINE PC,6 PARC PL,SOUTHAMPTON,MA,01073-9277,413-529-9282,64
dc4038ce-46ce-3540-8beb-506b56b14aa5,PCP127217,29 HUBBARDSTON RD,PRINCETON,MA,01541-1808,,78
d9a0f7fc-61df-3052-b0da-6339dcf4b3b7,EAR  NOSE AND THROAT ASSOCIATES OF WORCESTER  INC.,246 SOUTHBRIDGE RD,CHARLTON,MA,01507-5237,508-980-7074,72
b408c652-b145-34b8-9bf7-451e838bc0bf,PCP130252,774 ALBANY ST,BOSTON,MA,02118-2520,,66
4afe828b-d23e-3b89-afa4-f2fa00720415,PCP131717,31 WILLIAMSTOWN RD,LANESBOROUGH,MA,01237-9524,,208
04c749da-634e-3e9e-9806-a5052635370e,PCP133287,1592 GAR HWY,SOMERSET,MA,02726-1210,,66
b3633532-6445-333c-82d2-d2575d840abe,PCP134756,185 LINCOLN ST,HINGHAM,MA,02043-1743,,102
2fae7095-f7b6-3502-8163-90fa64f6b57b,PCP135905,5 PRECINCT ST,LAKEVILLE,MA,02347-1468,,30
586d90ae-7754-30c2-996b-9e62e75227d3,PCP136067,163 N MAIN ST,NORTH BROOKFIELD,MA,01535-1400,,114
df03c022-3869-3737-b15d-761ed8fb7538,PCP136410,534 MAIN ST,WEYMOUTH,MA,02190-1872,,118
5f5140f3-df3b-3af2-bc42-a671fc6a5a28,PCP137171,17 N AVE,ROCKLAND,MA,02370-2123,,62
92377c0c-4047-35a0-86dc-870e614099ea,PCP137290,1 COTTAGE ST,PEPPERELL,MA,01463-1504,,196
79df97be-90d7-38cf-83ea-625629aa3e91,PCP139224,97 LOWELL RD,CONCORD,MA,01742-1733,,172
f28ce7cd-867f-3431-99e3-ab62ed072852,PCP140496,454 BROADWAY,REVERE,MA,02151-3050,,66
8345c7e1-e5f8-3308-8a11-bb44c1ec9671,PCP142036,270 TEATICKET HWY 1A,TEATICKET,MA,02536-5671,,64
3436a0ee-a02b-3a27-883e-3d588af835e7,PCP142417,792 MAIN ST,MELROSE,MA,02176-2710,781-665-2255,60
afab4f90-7459-32ee-b0e2-8098e831667d,PCP143030,21 MAIN ST,NORTH READING,MA,01864-2286,978-664-1610,138
3ed98587-8c4c-33b4-9cbe-ec7fc451d2b6,PCP143874,242 JOHN WISE AVE,ESSEX,MA,01929-1027,,236
61b5df88-742c-3ed7-aa4e-c681665bf99a,PCP144578,630 BOSTON RD,BILLERICA,MA,01821-3783,,122
b7bd05ac-fd7f-313f-b87a-1c8b37e0139e,PCP145448,331 E FALMOUTH HWY,E FALMOUTH,MA,02536-6039,,18
71f24617-2b51-3355-90fe-2fca0875edb1,PCP148673,96 LYMAN ST,SOUTH HADLEY,MA,01075-2352,413-533-7176,80
2cfd240e-3280-34b6-96cc-daf60ad5d14f,PCP148963,21 E MAIN ST,AVON,MA,02322-1413,508-586-1046,124
d7a5b414-4f73-3970-9816-042c410874e2,PCP149158,40 E ST,LUDLOW,MA,01056-3407,,16
1b89bffc-9635-3b39-8e60-c0eee24a068b,PCP149608,175 N MAIN ST,ATTLEBORO,MA,02703-2225,,60
b84fd170-71a9-3989-bb5b-b0810f6f5410,PCP150237,157 CTR BRIDGE RD,LANCASTER,MA,01523-2227,,82
a7c34da7-86c7-366a-96ec-f6e8898f3d19,PCP154953,160 BROADWAY,RAYNHAM,MA,02767-1414,,78
150d4bec-d11c-3014-8818-45127743725d,PCP155636,69 BAYVIEW AVE,BERKLEY,MA,02779-1924,,80
ba55a743-95e4-3d49-98c9-fa5a0aeb6ad7,PCP156272,59 LONGWATER DR,NORWELL,MA,02061-1611,,124
186b4ff0-7e03-3cc8-ab9a-de3d9c758a10,PCP157812,100 HIGHLAND ST,MILTON,MA,02186-3881,,60
d824a1d0-91c1-3bf7-984d-e1c489508e79,EYE EXAMS  LLC,339 SQUIRE RD,REVERE,MA,02151-4309,781-289-5900,204
4704a61f-da64-3f8e-b79f-9e6d98764a85,CHEST DISEASES GROUP PC,585 LEBANON ST,MELROSE,MA,02176-3225,781-979-3000,68
d2ba9e1b-e40e-35cf-a5db-43c23085b67b,FRANKLIN FOOT CARE  PC,160 W ST,MILFORD,MA,01757-2509,508-473-3338,74
f3b73817-43cb-3762-8353-bcfb64aa9b10,PCP166078,120 STOCKWELL DR,AVON,MA,02322-1149,508-232-4012,20
616aa60c-0364-3315-ae16-7133ae5181bd,PCP167233,336 MAIN ST,WAKEFIELD,MA,01880-5013,,70
75bc27b3-2841-3c4f-9069-13bed81bfa6c,PCP168395,181 STATE RD,WHATELY,MA,01093,,60
1d338369-5e39-3e2e-a5d1-25811f387339,PCP169242,339 BROADWAY,CAMBRIDGE,MA,02139-1839,617-491-0201,152
822a6b9f-da15-3cc4-8436-ab61474f19fd,PCP169859,55 HOSPITAL DR,WINCHENDON,MA,01475-1820,978-297-2311,68
d0450ed2-7925-3288-970e-34eb2412042c,WOBURN NEPHROLOGY ASSOCIATES PC,23 WARREN AVE,WOBURN,MA,01801-4986,781-933-0710,64
b4ad3a53-b080-3f70-9395-fdffd3ef2c9e,URGENT CARE SPECIALISTS PC,2040 BOSTON RD,WILBRAHAM,MA,01095-1380,413-599-3800,106
2acd3148-fcd7-3092-8cac-60cafaeea43e,PCP171542,189 CHURCH ST,CARLISLE,MA,01741-1854,978-369-5093,62
6cc2cf18-3ca0-3562-a63a-8c22ac7eeffa,PCP174698,851 MAIN ST,WEYMOUTH,MA,02190-1613,,70
aeaac2a1-6d6a-3cb2-901e-35fb39e5fdea,NORTHEAST GASTROENTEROLOGY ASSOCIATES PC,70 E ST,METHUEN,MA,01844-4597,,186
e233a38a-44cb-30fd-a69e-eea43240e56c,PCP176894,115 WORCESTER LN,WALTHAM,MA,02451-7538,781-891-7448,92
0eb6a07b-1d9c-3545-b850-b165646462ba,PCP178064,32 S MAIN ST,RANDOLPH,MA,02368-4835,,68
853eb1d0-bbb7-388b-9205-47db3d233bbb,PCP178387,100 CUMMINGS CTR,BEVERLY,MA,01915-6126,978-750-1990,136
515b8d2f-3a37-3efa-8ec8-f9ea681cf4c7,CARROLL PHYSICAL THERAPY,1336 MAIN ST,OSTERVILLE,MA,02655-1542,508-420-3535,96
a6d5f14d-9e8c-30c6-bf7f-395dad054b72,PCP180360,80 MECHANIC ST,ATHOL,MA,01331-3534,978-249-0929,64
8dc3f0b8-58cd-37d1-afd2-cb72501245d2,STEWARD ST. ELIZABETH'S MEDICAL CENTER OF BOSTON  INC.,77 WARREN ST 2ND FLOOR,BRIGHTON,MA,02135-3601,,16
661a33b4-63fe-3c65-a35f-ba21dbecd5cb,PCP182570,7 BURNHAM ST,TURNERS FALLS,MA,01376-1842,,34
4fa341c0-f4cd-3d61-9216-d4e26bf3cf8d,PCP183126,1176 MEMORIAL DR,CHICOPEE,MA,01020-3958,,48
4bac2e3e-0bdd-3916-b5a8-f175fa5c80d1,BROCKTON AREA MULTI-SERVICES  INC.,288 BEDFORD ST,WHITMAN,MA,02382-1820,781-447-6425,56
15558e8d-fde0-342a-a556-e3b92ea822a9,ALL CARE HOMECARE  LLC,340 COURT ST,PLYMOUTH,MA,02360-4334,781-436-3352,46
360bc778-34b5-3e06-a384-e63f46aa3d80,PCP187651,63 S MAIN ST B,RANDOLPH,MA,02368-4862,,70
242e5bbe-87a7-3a15-8847-8ff68aba0c09,DALTON MEDICAL ASSOCIATES  LLP,33 N ST,DALTON,MA,01226-1202,413-684-2110,106
d9ab307c-cca9-3408-813f-ff8a866a331f,NEW ENGLAND INPATIENT SPECIALIST LLC,70 E ST,METHUEN,MA,01844-4597,978-687-0156,124
dd4489b0-55cf-3372-a699-59e9f7a6daa2,MANET COMMUNITY HEALTH CENTER INC.,180 GEORGE WASHINGTON BLVD,HULL,MA,02045-3069,781-925-4550,82
c86b7ad7-1206-3593-bb85-e97376e02be8,PCP191840,85 S ST,WARE,MA,01082-1625,,100
3d879520-4410-39af-9540-10b7a5bea964,PCP193003,35 BROOKFIELD RD,DOVER,MA,02030-1805,,56
1a3625e3-aae0-305c-ae4b-ed26eaefa2b6,PCP193461,983 BENNINGTON ST,EAST BOSTON,MA,02128-1134,,190
d5cb1c9d-9d01-3a7d-9591-71cc6d3bf108,PCP194230,278 MAIN ST,GREENFIELD,MA,01301-3230,413-325-5736,68
093b6767-bc2a-383f-aa05-d80a3235288a,NEWTON WELLESLEY RADIOLOGY ASSOC,2014 WASHINGTON ST,NEWTON,MA,02462-1699,508-532-9563,48
2e45f375-22c5-3175-a63d-a3c1a0a1a162,VK NEW ENGLAND MANAGEMENT LLC,6 ESSEX CTR DR,PEABODY,MA,01960-2907,978-532-1730,30
30d331f2-9873-34db-80a2-00d30ad7d21f,DRX MALDEN PROFESSIONALS PC,219 CENTRE ST,MALDEN,MA,02148-5524,781-322-7300,12
1b76e0e7-6c5b-3d54-b0ab-3b856085ce3c,SOUTH SHORE ORTHOPEDICS LLC,2 POND PARK RD,HINGHAM,MA,02043-4354,,24
1a6eb23d-10de-32bc-9815-0a0e252c6223,BUMC OTOLARYNGOLOGIC FOUNDATION INC,1 BOSTON MEDICAL CTR PL,BOSTON,MA,02118-2908,617-638-8485,58
6b6e3359-cd17-3d26-ba37-248d9aa80763,PCP198892,100 GOULD RD,MONTEREY,MA,01245,413-528-1804,88
4843461d-4b7b-37fb-9631-d4d7760afa1b,PCP199148,136 HIGH ST,LANCASTER,MA,01523-2056,978-368-1227,82
9ad6269e-10d7-3116-89cd-0e699cede510,PCP200100,2 OAK ST,MASHPEE,MA,02649-0886,508-539-02212,72
c60b9986-78c1-3485-8e75-63ec45558420,PCP200671,72 SHARP ST,HINGHAM,MA,02043-4362,,68
cb7a4c25-c8b5-39d9-85a0-3454c1453e3e,CHARLES RIVER MEDICAL ASSOCIATES  PC,571 UNION AVE,FRAMINGHAM,MA,01702-5855,508-665-5006,106
fa4889b5-a031-32ae-93a4-5f3d9fb1b6a8,ORTHOPEDIC AFFILIATES INC,133 LITTLETON RD,WESTFORD,MA,01886-3198,978-369-5391,160
78418eeb-8ad8-3bcd-bd57-e849974df2e2,PCP207753,664 NANTASKET AVE,HULL,MA,02045-2148,781-659-7937,96
6862c19c-eaed-3291-aacb-c15fc4e6d9b1,PCP209060,10 POST OFFICE SQ F,LYNNFIELD,MA,01940-2218,,128
d3c7fd37-7465-39ca-bceb-c855bedabd2c,PCP209281,2 CHAMBERLAIN AVE,WINTHROP,MA,02152-1011,,78
a68acbab-5749-3bdb-bda9-78070dc5a3a4,CHARLES RIVER MEDICAL ASSOCIATES  PC,730 MAIN ST,MILLIS,MA,02054-1612,508-376-2515,94
833fe0b3-6706-36d6-9787-5054cba91df8,MERRIMACK VALLEY PODIATRY PC,1168 LAKEVIEW AVE,DRACUT,MA,01826-4744,978-957-9800,58
071b52f5-531d-3908-9642-33717720513d,PCP211664,39 HAVERHILL ST,METHUEN,MA,01844-4203,978-291-8350,54
cb7dfd1f-74a0-3263-86e3-675e0ffd1c9e,DR LAURA ANNE POTVIN PC,939 SALEM ST,GROVELAND,MA,01834-1566,978-374-8991,24
4c943da2-6d85-3a88-a2e7-60c4edb95510,ESSEX COUNTY OBGYN ASSOC INC,140 COMMONWEALTH AVE,DANVERS,MA,01923-3625,978-927-4800,22
9afeb9e8-5ddd-3aaf-8de9-44d2add3d9c1,VALLEY MEDICAL GROUP  P.C.,70 MAIN ST,FLORENCE,MA,01062-1466,413-586-8400,38
98bf7324-756a-3b13-b2db-ef32984ba7f9,PCP218404,20 CARTER ST,TEWKSBURY,MA,01876-1404,,78
7753a595-c36a-360d-9fe9-226a9f7b822e,ST. VINCENT RADIOLOGICAL ASSOC.  INC.,14 RICE RD,TEMPLETON,MA,01468-1332,978-939-2035,78
51478863-17ae-342e-ae86-26a3a845ada4,PHYSICIANS OF NORTH WORCESTER COUNTY,80 MECHANIC ST,ATHOL,MA,01331-3559,978-249-7818,58
2f65e09a-bfda-3a04-b8f2-58632abc3cde,FAMILY CARE ASSOCIATES LLC,66 E MAIN ST,GEORGETOWN,MA,01833-2112,978-352-7780,84
61375750-0356-3ece-8d48-fe388c5ee18f,COMMUNITY PHYSICIANS ASSOC INC,100 HIGHLAND ST,MILTON,MA,02186-3881,617-698-0099,58
030d23fc-240c-3526-965a-3bddaa5535bb,BRIAN D. TEDESCO DPM AND GEORGE A. ABBOUD DPM PC,53 MAIN ST,SOMERVILLE,MA,02145-1448,617-629-2806,116
8f26f72c-8026-3c57-b090-95415d96c7cb,PCP225482,68 PARK ST,ANDOVER,MA,01810-3681,978-808-4204,26
4c992f21-944c-30c5-b851-c5f22fffa031,PCP226397,1 POST OFFICE SQ,LYNNFIELD,MA,01940-2218,,240
2429d73a-16bf-3a3c-838b-50b8779ba06d,PCP228037,223 WALNUT ST,FRAMINGHAM,MA,01701,508-872-6862,16
dbadb34a-1bc4-3cd1-9903-b8ff46c8b9d8,PCP229646,8 BUTLER ST,BLACKSTONE,MA,01504-1541,,72
032854fe-e8e8-3ef0-bab8-bf41dd95bf75,PCP232230,356 WASHINGTON ST,HOLLISTON,MA,01746-1348,,90
75430ca9-480c-31c6-891e-ab2683824c2e,NUCH OF MASSACHUSETTS  LLC,84 ANDREW AVE,WAYLAND,MA,01778-3025,508-358-8980,74
350bad11-cea9-31b4-97f2-ce871313aa1f,RANDOLPH EYE PC,27 MEMORIAL PKWY,RANDOLPH,MA,02368-4505,781-986-7400,116
c9d7f731-5cad-33df-a72f-9c5bcc16c5a4,FAMILY DOCTORS  LLC,250 PARADISE RD,SWAMPSCOTT,MA,01907-2948,781-592-8462,68
43e1c8ac-cce2-3e8d-8752-ce9045c435cb,PCP236544,365 MAIN ST,WINTHROP,MA,02152-1637,,60
f37bfae6-33c9-3b9e-98ba-a85f0332ec8e,COUNSELING ASSOCIATES OF DRACUT AND METHUEN,14 LOON HILL RD,DRACUT,MA,01826-4067,978-934-94441,72
466e160a-dc52-3dab-b98f-9d79beb51694,NORTHEAST BEHAVIORAL HEALTH CORPORATION,298 WASHINGTON ST,GLOUCESTER,MA,01930-4832,978-283-0296,118
e78cfad6-cc68-393f-bc00-ba462d78ad71,NORTH SUFFOLK MENTAL HEALTH ASSOCIATION  INC.,14 PORTER ST,EAST BOSTON,MA,02128-2116,617-569-3189,44
3056e4f3-2bd6-33fa-aeca-7853b9d3d9f1,EVANS MEDICAL FOUNDATION INC,88 E NEWTON ST,BOSTON,MA,02118-2308,617-638-6500,62
3d98508a-df72-32eb-a18c-b4116b35aed9,MARIBETH CRUPI PHYSICAL THERPAY LLC,314 MAIN ST,WILMINGTON,MA,01887-2747,978-447-5793,64
7df52d2b-fa4a-3f2f-b1b9-df31bf489665,PEDIATRIC ASSOCIATES OF GREATER SALEM  INC,30 TOZER RD,BEVERLY,MA,01915-5510,978-745-3050,58
a38d5551-d4e4-3a10-a5ca-7d57f80ccbcf,NORTH SHORE MEDICAL CENTER INC,490 LYNNFIELD ST,LYNN,MA,01904-1424,781-599-3109,66
395a9f52-1f2d-35cd-8cfe-35e2771f8921,PCP248432,567 CENTRAL ST,BOYLSTON,MA,01505-1523,508-335-2452,124
4a3ca092-f3eb-3101-849b-b6098b702f34,ADVANCE ORTHOPEDIC AND SPORTS THERAPY,600 CLARK RD,TEWKSBURY,MA,01876-1699,978-452-3453,104
1642acd5-4caa-3b09-9ce4-53958bd33914,LAHEY PHYSICIAN COMMUNITY ORGANIZATION I INC,376 HALE ST,BEVERLY,MA,01915-2096,978-232-2104,102
bb180760-eedd-371f-8f88-aa805ffb79e0,BEHAVIORAL HEALTH NETWORK INC,96 S ST,WARE,MA,01082-1616,413-967-6241,56
e74cf13a-d212-3d6b-a918-02a1974723ae,PCP252049,32 S ST,WALTHAM,MA,02453-3555,781-893-1443,178
93c3c134-ee53-3af3-8cd9-98b16b28f454,LAHEY PHYSICIAN COMMUNITY ORGANIZATION I INC,155 BROADWAY RD,DRACUT,MA,01826-2754,978-458-0475,68
eb73f869-4d4b-3dd9-9e12-5f291b1554fe,NORTH BRIDGE IMAGING GROUP  LLC,100 BOSTON RD,GROTON,MA,01450-1879,978-449-6300,76
ee57b11d-a539-35a1-afab-d5e283f1e465,VHM SERVICES INC,969 MAIN ST,MILLIS,MA,02054-1555,508-376-1125,74
4dbd7271-8daf-3e3f-a1fa-3b34b977dec0,PCP256098,14 MCKENZIE LN,FOXBORO,MA,02035-1151,508-946-9696,76
18362426-1324-35e6-a226-adccb56a7a36,PCP258407,98 S MAIN ST,MIDDLEBOROUGH,MA,02346-2123,508-947-2155,32
7b69b367-ad62-31ef-a8f8-0cb1ea5d4765,NORTH SUFFOLK MENTAL HEALTH ASSOCIATION  INC.,265 BEACH ST,REVERE,MA,02151-3100,781-289-9331,50
de8aabcb-de1a-3f6c-aced-635cdda487b4,PCP260578,254 ESSEX ST,SALEM,MA,01970-3411,978-741-7890,78
c699d556-e467-3d6f-9534-1da40930c0bf,PCP260779,133 LITTLETON RD,WESTFORD,MA,01886-3198,508-335-2452,120
b4186106-3f49-3309-a034-8c61c4eda0b2,PCP263643,328 SHREWSBURY ST,WORCESTER,MA,01604-4613,,18
87a1d0ce-47ab-33d9-a798-4c0a205e2154,PIONEER SPINE AND SPORTS PHYSICIANS PC,265 BENTON DR,EAST LONGMEADOW,MA,01028-3209,413-525-7222,66
d0f48731-1d9d-355d-a3b2-676afa788e20,PCP265232,1 WALTON ST,WAKEFIELD,MA,01880-1209,781-246-9131,104
d6337e51-f70b-3ce2-b1d5-076f429690d9,NORTH SUFFOLK MENTAL HEALTH ASSOCIATION  INC.,301 B BROADWAY,CHELSEA,MA,02150-2830,617-912-7900,132
875a8418-2d38-376e-a1d8-47023ef1e56d,SPORTS MEDICINE NORTH ORTHOPAEDIC SURGERY  INC.,300 MAIN ST AT,WENHAM,MA,01984-1451,978-818-6350,216
1c33f9ff-5cc2-3d62-9945-5b234e0c0436,NEW ENGLAND BAPTIST MEDICAL ASSOCIATES INC.,125 PARKER HILL AVE,ROXBURY CROSSING,MA,02120-2847,617-754-5800,52
bd29062a-b90f-3926-813e-cf4027f7df6c,MASSACHUSETTS GENERAL PHYSICIANS ORGANIZATION  INC,300 OCEAN AVE,REVERE,MA,02151-3675,,348
e0156d27-bc4e-38ca-a31d-39c9b305d287,BAYSTATE MEDICAL PRACTICES INC,40 WRIGHT ST,PALMER,MA,01069-1138,,58
55234f55-88e0-33d6-9da4-82808f55df7b,HEBREW REHABILITATION CENTER,7000 GREAT MEADOW RD,DEDHAM,MA,02026-4090,617-363-8010,38
731e0f3a-075d-37ab-9ba7-fbf1ab2f45e9,THE GENERAL HOSPITAL CORPORATION,151 EVERETT AVE,CHELSEA,MA,02150-1812,617-884-8300,8
51ada813-1886-3393-b837-64e4f900c3a6,ELIOT COMMUNITY HUMAN SERVICES  INC.,95 PLEASANT ST,LYNN,MA,01901-1524,781-581-4400,18
96f68001-3c83-35ca-9e0d-5688694fb44e,RELIANT MEDICAL GROUP  INC,123 SUMMER ST,WORCESTER,MA,01608-1216,508-363-5000,84
6e959a29-9aa7-3907-8cc3-1e116aa64f6e,STEWARD MEDICAL GROUP  INC,140 LINCOLN AVE,HAVERHILL,MA,01830-6700,,84
0f2ba8cc-5058-3ec8-b04b-07dcdf124aa1,SOUTHCOAST PHYSICIANS GROUP  INC..,400 STANLEY ST,FALL RIVER,MA,02720-6009,508-973-9500,58
b03dba4f-892f-365c-bfd1-bfcfa7a98d5d,WESTERN MASS PHYSICIAN ASSOCIATES INC,262 NEW LUDLOW RD,CHICOPEE,MA,01020-4488,413-552-3250,32
a73d9755-246c-3e55-8d71-f720bc20e2e0,MASSACHUSETTS GENERAL PHYSICIANS ORGANIZATION  INC,151 EVERETT AVE,CHELSEA,MA,02150-1812,617-884-8300,98
e0805ec9-faaa-3252-85ea-4d8dc7237259,NEWTON WELLESLEY AMBULATORY SERVICES  INC,1450 HIGHLAND AVE,NEEDHAM,MA,02492-2690,781-449-0020,124
c23c229d-7be1-3227-b288-9f43b4d907c2,ANAESTHESIA ASSOCIATES OF MASSACHUSETTS  PC,330 MOUNT AUBURN ST,CAMBRIDGE,MA,02138-5502,617-499-5075,76
785e410f-5894-3d81-a4a7-0319d517db52,UHS OF WESTWOOD PEMBROKE INC,199 OAK ST,PEMBROKE,MA,02359-1912,781-829-7000,62
79359695-f51b-3132-8f81-3316b1faabf7,RADIOLOGY AND IMAGING  INC.,85 S ST,WARE,MA,01082-1625,413-967-6211,126
ca424203-bd79-3a84-bdb0-1144382a31f1,STEWARD MEDICAL GROUP  INC,324 MASSACHUSETTS AVE,LUNENBURG,MA,01462-1219,978-582-4587,28
ac17850e-9ee0-34aa-86b0-7814530f26e8,CAREWELL URGENT CARE CENTERS OF MA  PC,345 MAIN ST,TEWKSBURY,MA,01876-1745,978-851-4683,94
9672176f-be51-3b14-b86a-6310aa016b24,MASSACHUSETTS EYE AND EAR ASSOCIATES  INC,100 HIGHLAND ST,MILTON,MA,02186-3881,617-774-1717,120
19bff90b-d431-3ef3-9ada-dc6927356045,HOLYOKE MEDICAL CENTER INC,10 HOSPITAL DR,HOLYOKE,MA,01040-6603,413-535-4757,16
94e3c32a-69b3-323e-9d98-0643b2179c3e,PROEX PHYSICAL THERAPY  LLC,3 FERRY ST F,HAVERHILL,MA,01835-7442,978-469-9412,120
ed33bbb2-f7f1-3334-8e9e-d519854b0deb,CAP ANESTHESIA  PC,2100 DORCHESTER AVE,BOSTON,MA,02124-5615,617-296-4000,42
57eb0e6b-682c-31c6-b56c-9fa95db594e0,RELIANT MEDICAL GROUP  INC,407 MAIN ST,SPENCER,MA,01562-1909,508-885-9737,72
d651d259-6f41-3441-9b09-8f6126f4f682,MEDEXPRESS URGENT CARE PC MASSACHUSETTS,296 MAIN ST,HAVERHILL,MA,01830-5045,978-372-1382,94
d280bb3c-0c3d-327f-aefd-45bce5923116,FOUNDATION MEDICAL PARTNERS INC.,68 MAIN ST,PEPPERELL,MA,01463-1560,978-433-6317,102
28449ded-6089-3ef3-9a79-63b560dd4489,HALLMARK HEALTH MEDICAL ASSOCIATES INC,170 GOVERNORS AVE,MEDFORD,MA,02155-1643,,134
82aad3c0-ee73-3900-bde2-4e6573fdaa5b,MEDICAL CARE OF BOSTON MANAGEMENT CORPORATION,88 WHARF ST,MILTON,MA,02186-3429,617-696-7601,94
69ea13c9-53c6-38bf-b309-d139373fceb0,WINCHESTER ANESTHESIA ASSOCIATES  INC,41 HIGHLAND AVE,WINCHESTER,MA,01890-1496,781-756-7243,106
c78e72c8-63f2-3fe3-a2b1-d3000ff78d0c,PCP299981,799 CONCORD AVE,CAMBRIDGE,MA,02138-1048,617-547-7163,56
8904f622-24be-3147-a2fb-a7d22f639ce5,URGI CENTER MEDICAL GROUP,273 TEATICKET HWY,TEATICKET,MA,02536-5638,508-495-8000,58
f66dc930-9afa-3994-8676-0c23f1d3d7a3,STEWARD MEDICAL GROUP  INC,18 MAIN ST HARBOR VLG,TOWNSEND,MA,01469-1300,978-597-9091,366
0862c2e8-823e-3fb0-b162-6838e34264d4,BAYSTATE MEDICAL PRACTICES INC,83 S ST,WARE,MA,01082-1660,,78
fd2a0280-a31e-330e-a259-7c1425fa2e2b,HARBOR HEALTH SERVICES  INC.,398 NEPONSET AVE,DORCHESTER,MA,02122-3150,617-282-3200,54
2c3ab661-ba5f-376e-bd5b-b7ebd67fe5b6,MASS OPTOMETRIC ASSOCIATES  PLLC,700 BOSTON RD,BILLERICA,MA,01821-5394,978-667-0481,102
271de365-22a4-3f6f-938a-3bc1d1b6372a,HARMELING PHYSICAL THERAPY AND SPORTS FITNESS INC,255 GRAPEVINE RD,WENHAM,MA,01984-1813,978-524-0000,66
7ddfcec9-7025-3e79-8cba-c7a1ffea9524,MINUTECLINIC DIAGNOSTIC OF MASSACHUSETTS  LLC,189 SUMMER ST,KINGSTON,MA,02364-1247,866-389-2727,86
ccbd6376-81a6-35c8-93d1-d6d519e417d6,STEWARD MEDICAL GROUP  INC,312 BEDFORD ST,WHITMAN,MA,02382-1859,781-792-6000,56
e00167a5-2d29-3c79-ba45-54e88c734a92,UMASS MEMORIAL MEDICAL GROUP  INC.,242 WOODLAND ST,WEST BOYLSTON,MA,01583-1670,508-835-6221,68
2d3b6c1d-29f1-382e-9982-d4e5d9fc8c35,HALLMARK HEALTH MEDICAL ASSOCIATES INC,200 GOVERNORS AVE,MEDFORD,MA,02155-1644,781-391-5400,60
08838864-54b3-331a-a8a8-f05064e0522a,HARRINGTON PHYSICIAN SERVICES INC,100 S ST,SOUTHBRIDGE,MA,01550-4051,508-765-5981,68
251985c1-3d5b-39cf-88f0-6545c1ee2e0d,LAHEY CLINIC  INC.,66 CONCORD ST X,WILMINGTON,MA,01887-2179,978-694-9610,32
3371f289-252b-3591-adc8-3776564b97ef,EYE HEALTH SERVICES  INC.,1900 CROWN COLONY DR,QUINCY,MA,02169-0979,617-770-4400,72
5d65df13-4eeb-35e5-8e62-f25af84973ae,PCP314077,147 S MAIN ST,MIDDLETON,MA,01949-2446,978-774-2800,82
dfa4e71c-6548-3fc2-bcc7-d3308d9de08b,MINUTECLINIC DIAGNOSTIC OF MASSACHUSETTS  LLC,19 SUMMER ST,BRIDGEWATER,MA,02324-2630,866-389-2727,100
27a6633a-af3b-3414-902a-eb6f06cc7338,NORTH SHORE PHYSICIANS GROUP INC,1069 BROADWAY RTE 1,SAUGUS,MA,01906-3210,781-233-1450,74
7d6f9d98-cb08-3d58-96f6-f5b5911a1b86,VIRTUAL RADIOLOGIC PROFESSIONALS  LLC,2 AVERY ST,BOSTON,MA,02111-1018,617-504-8113,62
0fbf08b8-4f57-3d18-b153-90417f7cc2ff,CAP ANESTHESIA  PC,140 LINCOLN AVE,HAVERHILL,MA,01830-6700,978-687-0156,52
b8e926d3-93fe-3118-ae14-604751bfa993,MEDICAL CARE OF BOSTON MANAGEMENT CORPORATION,1000 BROADWAY,CHELSEA,MA,02150-2247,617-660-6700,144
05012be2-c47b-3ca2-abfd-30a74859d1e8,STEWARD MEDICAL GROUP  INC,104 LIBERTY ST,HANSON,MA,02341-1160,781-293-5455,62
883860d6-0862-3a47-a18f-7256563c53f4,HARRINGTON PHYSICIAN SERVICES INC,255 E OLD STURBRIDGE RD,BRIMFIELD,MA,01010-9647,413-245-0966,190
974c45a4-07b0-3c64-9a38-a45d03adbcf9,MEDICAL CARE OF BOSTON MANAGEMENT CORPORATION,215 SUMMER ST,HAVERHILL,MA,01830-6305,,68
8e5a1dfe-68f2-3526-911b-6fa1ebc271d7,EYE HEALTH SERVICES  INC.,146 CHURCH ST,PEMBROKE,MA,02359-1950,,58
6fe16450-d702-32b1-a8f4-16fb9046ea7d,LYNN COMMUNITY HEALTH  INC.,29 MARKET SQ,LYNN,MA,01905-2420,781-596-3500,56
47a1104b-9c79-37cb-8531-c7eda1fe11f7,PCP323785,95 CHAPEL ST,NORWOOD,MA,02062-3155,,64
c367410d-28ae-343f-8a79-55b6d6da8d14,SAINT VINCENT PHYSICIAN SERVICES INC,104 LEOMINSTER RD,STERLING,MA,01564-2114,978-422-7774,78
38933c98-0aa4-3116-962a-2fbadbf27e36,MINUTECLINIC DIAGNOSTIC OF MASSACHUSETTS  LLC,189 WATERTOWN ST,WATERTOWN,MA,02472-2571,866-389-2727,66
02cc4ea0-b89e-36bf-9e7e-7e57a267bbeb,RELIANT MEDICAL GROUP  INC,123 SUMMER ST,WORCESTER,MA,01608-1216,,94
e018dd7a-71fe-3d35-9ad9-1aa56beb1ddb,MASSACHUSETTS EYE AND EAR ASSOCIATES  INC,20 TREMONT ST,DUXBURY,MA,02332-5315,781-337-3424,60
903d3e6b-ace5-33a8-ab58-63f9fc4fc497,MASSACHUSETTS GENERAL PHYSICIANS ORGANIZATION  INC,440 FOLEY ST,SOMERVILLE,MA,02145-1213,857-282-0777,120
bbe2b37d-039e-318f-b487-8a8a291b26d6,MINUTECLINIC DIAGNOSTIC OF MASSACHUSETTS  LLC,984 WORCESTER ST,WELLESLEY,MA,02482-3709,866-389-2727,90
3d2ef50c-8875-349f-acc1-5ff0aa4c3eb4,HALLMARK HEALTH MEDICAL ASSOCIATES INC,830 MAIN ST,MELROSE,MA,02176-2711,781-662-3141,62
a4bd761f-17e2-3235-be75-929a6c61c17e,GREATER BOSTON UROLOGY LLC,680 CENTRE ST,BROCKTON,MA,02302-3308,508-941-7000,44
dcdbb4f7-052d-3292-872c-d3fa5c608b69,PROEX PHYSICAL THERAPY  LLC,3 RUNDLETT WAY,MIDDLETON,MA,01949-2500,978-624-7150,58
a8808836-a246-3994-9228-9d62cd97041e,HALLMARK HEALTH MEDICAL ASSOCIATES INC,578 MAIN ST,MALDEN,MA,02148-3900,,30
f5ba7f0a-3497-33ca-b1aa-ab2cf04e95ae,PCP332886,265 BENTON DR,EAST LONGMEADOW,MA,01028-3219,,90
d72e5e0b-164b-3812-92dd-8cd5e84dc22b,HALLMARK HEALTH MEDICAL ASSOCIATES INC,425 REVERE ST,REVERE,MA,02151-4543,781-286-1313,162
36c99c70-bd96-3102-962a-dfcc061c9cef,PERFORMANCE REHABILITATION OF WESTERN NEW ENGLAND LLC,124 BROADWAY,SAUGUS,MA,01906-1094,,68
7bb4538e-e698-3805-bfd1-05a51046cc03,GORDON COLLEGE,255 GRAPEVINE RD,WENHAM,MA,01984-1813,978-867-4095,214
f73c5904-9900-3fb7-afa1-e04d84129fea,PERFORMANCE REHABILITATION OF WESTERN NEW ENGLAND LLC,1 KENDALL SQ,CAMBRIDGE,MA,02139-1573,617-491-0264,84
632120c3-d5f3-31cf-a3ff-9afe4d9ef9f6,STURDY MEMORIAL ASSOCIATES  INC.,538 WINTHROP ST,REHOBOTH,MA,02763,508-336-9200,64
190e7260-c5db-3ca1-a88d-fc29268143e2,MASSACHUSETTS GENERAL PHYSICIANS ORGANIZATION  INC,52 2ND AVE,WALTHAM,MA,02451-1252,781-487-2800,24
380f9fa7-4114-3402-99ea-ac11115641d0,PCP339832,1359 HANCOCK ST,QUINCY,MA,02169-5108,617-650-1761,70
352f1dc4-77f3-3f88-a263-27da320cd487,NORTH SUBURBAN ORTHOPEDIC ASSOCIATES INC,602 BROADWAY,EVERETT,MA,02149-3743,617-389-7211,112
aee9e5c4-d841-3623-90c2-9e2129fca0dc,HALLMARK HEALTH MEDICAL ASSOCIATES INC,52 CREST AVE,WINTHROP,MA,02152-1058,617-846-8622,188
88f1fce1-dce3-3556-96b4-2a943b9af8ec,RELIANT MEDICAL GROUP  INC,94 ELM ST,MILLBURY,MA,01527-2692,508-865-5858,76
fa31d91f-dde4-37b5-a43f-df7c7c67c960,MEDICAL CARE OF BOSTON MANAGEMENT CORPORATION,201 CAPTAINS ROW,CHELSEA,MA,02150-4068,617-887-0829,100
b62a2f26-b410-32e0-b1c0-b94161f3a7c4,ODONATA PSYCHOTHERAPY AND RETREAT CENTER LLC,19 PINE RD,FORESTDALE,MA,02644-1413,774-228-2609,114
6b1a1cb8-787b-33de-9faa-00033ffdd3c7,PCP345072,380 MERRIMACK ST,METHUEN,MA,01844-5871,978-794-0234,56
c113131c-3dbc-3d59-815e-018676128cae,LYNN COMMUNITY HEALTH  INC.,20 CENTRAL AVE,LYNN,MA,01901-1201,,70
bc21392f-d5a9-39bc-a847-7d523222bccc,MINUTECLINIC DIAGNOSTIC OF MASSACHUSETTS  LLC,80 MARKET ST,ROCKLAND,MA,02370-2602,866-389-2727,42
4f5a3726-743b-37dd-8f51-468a20ec976c,RELIANT MEDICAL GROUP  INC,106 E MAIN ST,WESTBORO,MA,01581-1494,508-898-2338,84
a1373332-fa69-3706-bd31-01b96d7ef1cb,UNIVERSITY OF MASSACHUSETTS,358 N PLEASANT ST,AMHERST,MA,01003-9296,413-545-2565,142
5d4a38f6-6b92-35b4-9a6e-16304971ce2b,WACHUSETT RADIOLOGY INC,55 HOSPITAL DR,WINCHENDON,MA,01475-1820,978-297-2311,210
5336db58-626a-3afb-b795-9424295c682e,VIRTUAL RADIOLOGIC PROFESSIONALS  LLC,30 GRANITE ST,HOPKINTON,MA,01748-2311,800-590-2838,92
171de733-1f5c-3817-84b9-9ea77f5b81cb,PCP353428,425 SALEM ST,MEDFORD,MA,02155-3337,,102
905f93dd-194b-3f58-8bfb-5311b61742d2,MEDICAL CARE OF BOSTON MANAGEMENT CORPORATION,215 SUMMER ST,HAVERHILL,MA,01830-6305,978-373-4400,26
aafc7529-1a22-32ec-a06d-a6c6163c766e,PERFORMANCE REHABILITATION OF WESTERN NEW ENGLAND LLC,124 BROADWAY,SAUGUS,MA,01906-1094,781-941-5002,44
d264d7d3-1734-3cb1-9734-29c88d09fa03,UMASS MEMORIAL MEDICAL GROUP  INC.,44 CENTRAL ST,BERLIN,MA,01503-1225,978-838-2330,74
51e300b3-a51c-30ee-8c84-b46ab346da49,PCP354939,29 DEER PATH LN,WESTON,MA,02493-1139,,94
a3433bf7-1c6e-35b1-be8f-9726b66453c3,PCP356558,800 WASHINGTON ST,NORWOOD,MA,02062-3487,781-278-6670,56
a0a14713-50c4-3818-b0cb-8c2047f1458c,BAY STATE PHYSICAL THERAPY OF RANDOLPH PC,7 HERRING POND RD,CEDARVILLE,MA,02360-6903,508-833-5180,102
