"","GO.ID","Term","Annotated","Significant","Expected","Rank in Fisher.classic","Fisher.elim","Fisher.classic","sig_genes"
"1","GO:0043312","neutrophil degranulation",622,334,212.41,9,"8.1e-23","1.3e-24","RHOA;MLEC;CAP1;S100A11;CTSA;GRN;HMGB1;GSN;ACTR2;FTH1;CAPN1;CTSD;IQGAP1;XRCC6;NA;NA;PSMD2;RAP1B;CTSB;CTSB;PRDX6;PSAP;PSAP;PGAM1;VCL;ATP6V0C;SDCBP;ALDOA;CKAP4;CKAP4;PFKL;ACLY;RAB5C;RAB5C;PSMD1;PSMD1;PKM;PSMC3;RAB5B;APEH;PSMA2;CST3;IGF2R;IGF2R;PYGB;QSOX1;PRCP;LAMP1;LAMP1;LAMP1;GYG1;NA;ANXA2;CNN2;CD14;CYB5R3;CD55;CCT2;PGM1;LTF;CPNE3;ACTR1B;CTSH;BCR;ITGAV;PSMD12;PPIE;SLC2A3;SLC2A3;SLC2A3;PRKCD;NA;GUSB;PDXK;ITGB2;TOM1;SERPINA1;CD93;CD93;ANPEP;SIRPA;SIRPA;ADGRE5;PYGL;CYBA;LAMP2;LAMP2;STK10;TIMP2;VPS35L;RHOG;STXBP3;MME;MME;PSEN1;NA;TNFRSF1B;S100A9;FCGR2A;AGL;GNS;CEACAM6;DNASE1L1;CYBB;CYBB;MMP9;MPO;MPO;NA;TYROBP;ENPP4;ENPP4;IMPDH1;FCER1G;TMC6;AGA;S100P;ACPP;PLEKHO2;ARSA;ALOX5;OSTF1;CD44;SELL;LRMP;FGL2;TLR2;ORM1;NA;FPR1;QPCT;FCN1;CEP290;TCN1;NA;CDA;ALDH3B1;TRPM2;BST1;ITGAM;S100A12;KRT1;CD33;CR1;PTAFR;CFP;CD36;MGAM;CEACAM1;CEACAM8;PTPN6;HP;LILRA3;CPNE1;SIRPB1;CXCR2;CXCR1;MMP8;PGLYRP1;SYK;FCAR;LILRB2;PSEN1;CRISP3;LAIR1;GPI;MAPK1;FGR;RAB3D;NA;CR1;DNAJC3;HUWE1;SPTAN1;VAT1;RAC1;RAC1;XRCC5;VCP;VCP;LTA4H;CAND1;CAND1;CYFIP1;NEU1;ERP44;ERP44;KPNB1;TUBB4B;PECAM1;PECAM1;PECAM1;TUBB;MAN2B1;DIAPH1;NFKB1;SYK;STXBP2;ANXA3;RAB27A;RAB27A;CD36;NCKAP1L;PADI2;CD44;C3AR1;CTSZ;HSP90AA1;LILRB3;CAMP;ANXA2;MAPK14;SIGLEC9;ADGRE3;FPR2;LILRB3;CEACAM3;IQGAP1;PLAUR;RAB27A;ALDH3B1;PFKL;CD47;MAPK14;LILRB3;LILRB3;GRN;SERPINA1;SERPINB6;RAB14;APAF1;MAPK14;PTAFR;CEACAM1;CAT;PLAUR;UBR4;RAB7A;HSP90AA1;CD44;FAF2;AP2A2;MAPK1;GNS;GNS;SCAMP1;CD59;DNAJC13;DDX3X;LCN2;PTPRC;PPIA;GM2A;FTL;ABR;ROCK1;ATP8A1;DOCK2;CTSB;CTSB;IQGAP1;ITGAL;ANXA2;KPNB1;DIAPH1;KPNB1;TUBB4B;LAMP1;CAP1;KPNB1;CD47;CD47;GLIPR1;FTH1;PSMB1;HSP90AA1;ALOX5;GLA;ABR;ALDOA;PLAUR;HMGB1;SPTAN1;GRN;CD300A;CR1;SLC11A1;CD44;CR1;ARHGAP45;RAB31;RAB31;RAB31;GOLGA7;TOLLIP;KCMF1;LAMTOR3;RNASET2;RNASET2;HGSNAT;PDXK;PDXK;COMMD3;NIT2;CPPED1;RAP2C;RAP2C;ATG7;PLAC8;ARMC8;HPSE;ADA2;CD177;CLEC5A;SIGLEC5;C5AR1;DOK3;ADGRG3;RETN;NA;CRISPLD2;PYCARD;CEP290;CANT1;C6orf120;C6orf120;MOSPD2;NA;ACTR10;GM2A;LRMP;ATP6V0C;STK10;CANT1;"
"2","GO:0002576","platelet degranulation",176,92,60.1,44,"5.1e-07","5.1e-07","ACTN4;APP;WDR1;WDR1;NA;SOD1;SPARC;ANXA5;FLNA;PSAP;PSAP;TAGLN2;VCL;ALDOA;THBS1;THBS1;QSOX1;TIMP1;FAM3C;LYN;LYN;MANF;SERPINA1;LAMP2;LAMP2;TGFB1;TLN1;F13A1;PLEK;PLEK;PHACTR2;PHACTR2;FCER1G;DMTN;ITGB3;ITGB3;F5;F5;ORM1;NA;PDGFA;PCDH7;SELP;EGF;ITIH4;PF4;CD36;ITGA2B;ITGA2B;RAB27B;SYK;PROS1;TTN;APLP2;ACTN1;ACTN1;APLP2;APLP2;APLP2;APLP2;CLU;CLU;PECAM1;PECAM1;PECAM1;SYK;STXBP2;CD36;HABP4;VEGFA;LYN;WDR1;TAGLN2;HGF;ACTN1;APLP2;SERPINA1;TUBA4A;ENDOD1;SPARC;FLNA;SERPINA4;ALDOA;FLNA;APLP2;ITGB3;PDGFA;ITGA2B;TEX264;CDC37L1;NHLRC2;CLU;"
"3","GO:0006909","phagocytosis",348,156,118.84,87,"1.9e-05","1.9e-05","SOD1;HMGB1;GSN;ACTR2;LRP1;ACTB;ARPC1A;TGM2;THBS1;THBS1;NA;CD14;SCARB1;ARPC1B;LDLR;ABL1;CRK;BCR;CSK;ITGAV;ATG5;ATG5;PRKCD;LYN;LYN;WIPF1;PLCG1;ITGB2;CD93;CD93;SIRPA;SIRPA;YES1;YES1;CYBA;TGFB1;TUSC2;SPG11;FCGR2A;RARA;NA;RAB11FIP2;NA;IL2RG;TYROBP;FCER1G;ELMO1;PLCG2;ITGB3;ITGB3;ARHGAP25;TLR2;ICAM3;NCF4;FCN1;WAS;ITGAM;MARCO;IL15;SLAMF1;ANXA11;VAV1;CD36;P2RX7;SYK;ARHGAP12;NCF4;HCK;MAPK1;MSR1;FGR;RAC1;RAC1;ARPC2;CYFIP1;PECAM1;PECAM1;PECAM1;ABI1;CORO1A;MYD88;SYK;ANXA3;RAB27A;RAB27A;CD36;PAK1;PLD2;NCKAP1L;NCF2;HSP90AA1;ATG5;LYN;FPR2;YES1;RAB27A;CD47;RARA;IGHG1;MYH9;ITGB1;RAB7A;HSP90AA1;MAPK3;WIPF2;WIPF2;WIPF2;TM9SF4;MAPK1;FYN;PIP5K1C;PTPRC;ABR;DOCK2;SRC;ITGAL;CD47;CD47;ACTB;HSP90AA1;CEBPE;ABR;HMGB1;AIF1;GRB2;ITGB3;CYFIP2;NA;NA;CD300A;IGLC1;IL15;NCKAP1;SLC11A1;EIF2AK1;EIF2AK1;RAB31;RAB31;RAB31;ARPC4;DYSF;ELMO3;RAB20;STAP1;CAMK1D;TLR4;PYCARD;CORO1C;CLEC7A;WASF2;MYO7A;ARHGAP25;WAS;ACTB;ACTB;ACTB;"
"4","GO:0035722","interleukin-12-mediated signaling pathwa...",80,45,27.32,100,"4.0e-05","4.0e-05","CFL1;NA;MSN;SOD1;P4HB;P4HB;RAP1B;RPLP0;PITPNA;PITPNA;PITPNA;TALDO1;ANXA2;CNN2;HNRNPDL;NA;NA;LMNB1;JAK2;SNRPA1;STAT4;IL12A;IL10;PAK2;PAK2;PAK2;PAK2;LCP1;HNRNPDL;HNRNPDL;NA;IFNG;NA;ANXA2;RPLP0;HNRNPDL;NA;PPIA;PLCB1;ANXA2;RPLP0;NA;SNRPA1;NA;NA;"
"5","GO:0017148","negative regulation of translation",165,81,56.35,104,"4.9e-05","4.9e-05","NA;CAPRIN1;CAPRIN1;ATF4;EPRS;EPRS;CNOT1;CNOT1;EIF2S1;PUM1;PUM1;SRP9;EIF4A3;ENC1;ENC1;ZFP36L2;EIF4E;TIA1;TIA1;TIA1;TIA1;TIA1;TPR;DHFR;TOB1;FMR1;RARA;RIDA;NA;PURA;ANG;CPEB3;EIF4G1;RPS3;EIF4EBP2;ILF3;UPF1;STAT3;STAT3;METTL3;EIF4E2;RNF139;FTO;LARP1;RARA;NA;ZFP36L1;LARP1;GIGYF2;GIGYF2;DDX3X;GAPDH;ROCK1;HNRNPD;GAPDH;EIF4E2;METTL3;NA;TPR;FMR1;NA;GAPDH;EIF2AK1;EIF2AK1;ILF3;SYNCRIP;AGO1;CAPRIN2;EIF4ENIF1;IGF2BP2;PUS7;BANK1;LIN28A;HNRNPD;EIF4EBP1;CELF1;YTHDF3;DHFR;GAPDH;GAPDH;GAPDH;"
"6","GO:0070527","platelet aggregation",93,50,31.76,117,"7.6e-05","7.6e-05","CSRP1;GNAS;ACTB;FLNA;VCL;GNAS;MYL9;ILK;FIBP;PRKCD;LYN;LYN;TLN1;STXBP3;PLEK;PLEK;DMTN;ITGB3;ITGB3;PIK3CG;PIK3CG;ITGA2B;ITGA2B;CEACAM1;PTPN6;ALOX12;SLC7A11;SYK;MPL;SYK;ABAT;PRKCQ;GATA1;LYN;GNAS;CEACAM1;MYH9;GNAS;FLNA;ACTB;GNAS;GNAS;FLNA;ITGB3;ITGA2B;GNAS;TSPAN32;ACTB;ACTB;ACTB;"
"7","GO:0016197","endosomal transport",237,109,80.93,121,"9.4e-05","9.4e-05","RPS27A;CLTC;UBB;SNX17;NA;VAMP3;GBF1;SQSTM1;ARL1;ARL1;SNX1;TSG101;TBC1D5;TBC1D5;WASHC5;ARHGAP1;CHMP2A;ARL4C;ARL4C;RAB13;CHMP2B;CHMP2B;TOM1;GCC2;PICALM;AP3B1;AP3B1;VPS35L;SORL1;INPP5F;ZFYVE16;RAB11FIP3;CLN5;SNX4;WAS;CLTCL1;SPAG9;VAMP4;EHD1;EVI5;VCP;VCP;RAB8A;UBC;EHD1;EHD1;EHD1;GGA3;EHD4;NSG1;CCDC93;TRIM27;LYST;UBC;RAB14;VAMP3;DCTN1;RAB7A;VPS39;TMEM87A;SPAG9;SNX4;WASHC4;STX6;SORT1;PIKFYVE;TMCC1;TMCC1;TMCC1;SNX1;VAMP4;STX6;SNX1;STAM2;PICALM;ERC1;VPS35;YKT6;SNX5;EPS15;CHMP5;AP5M1;UBE2O;VPS54;ENTR1;RAB29;EHD3;VPS37C;NA;CHMP5;DENND1B;DENND1A;NA;TBC1D10B;SNX27;UBAP1;SNX27;STX16;STX16;CORO1C;VPS37B;RAB35;EHD1;MVB12B;RAB11B;SGSM2;WAS;NA;MICALL1;"
"8","GO:0075733","intracellular transport of virus",90,48,30.73,134,"0.00014","0.00014","RPS27A;UBB;RAN;RAN;RANBP2;TPR;TSG101;KPNA1;KPNA1;KPNA1;NUP214;NUP93;NUP98;NUP98;FMR1;NUP42;NUP58;NMT2;CD209;SEC13;XPO1;KPNB1;UBC;NUP98;UBC;KPNA6;NA;NUP160;NA;KPNB1;KPNB1;NUP50;KPNA1;KPNB1;TPR;FMR1;NMT2;NDC1;NUP54;NUP50;NUP107;NUP43;VPS37C;UBAP1;KPNA3;VPS37B;MVB12B;NA;"
"9","GO:0043313","regulation of neutrophil degranulation",11,10,3.76,142,"0.00016","0.00016","BCR;ITGB2;ITGAM;PTAFR;SYK;SYK;PTAFR;ABR;ABR;CD177;"
"10","GO:0016032","viral process",1272,507,434.37,69,"0.00017","4.9e-06","BAD;RPL24;RPS27A;NA;CFL1;EIF3F;RPS5;NA;RPL10A;PSMB2;RHOA;NPM1;NA;RPL14;KARS;RPS6;NA;EIF3A;AP2B1;AP2M1;AP2B1;SF3B2;UBB;P4HB;P4HB;GSN;SKP1;NA;RAN;RAN;HNRNPK;IQGAP1;XRCC6;NA;NA;HSPD1;ZYX;BCAP31;CTSB;CTSB;KARS;NA;NA;OGA;OGA;NA;DEK;RPL8;NA;NA;ATP6V0C;RPL31;IPO7;RPLP0;RAD23A;RAD23A;ITGB5;SSB;SSB;CTBP2;RPS6;RPS16;PSMC3;TOP2A;IFITM2;IVNS1ABP;IVNS1ABP;ITGA5;TRAM1;PSMB3;COPS6;CUL4A;CUL4A;VIM;EIF4E;GBF1;SUPT4H1;USP7;USP7;NFKBIA;NA;PSMA3;CTNNB1;NA;LAMP1;LAMP1;LAMP1;SND1;RANBP2;TPR;TP53;TSG101;DAXX;RELA;ADAR;POLR2B;SCARB1;BNIP3;BNIP3;ABCE1;ABCE1;CD55;FURIN;LTF;KPNA1;KPNA1;KPNA1;LDLR;BRD4;BRD4;AP2S1;CHMP2A;ZMYND11;NUP214;ERCC3;KAT2A;NUP93;SRPK1;ITGAV;GTF2F1;GTF2F1;GTF2F1;KEAP1;RXRA;RXRA;HCFC1;PPIE;ATG5;ATG5;DLG1;DLG1;DLG1;FADD;CHMP2B;CHMP2B;VAPB;NA;LYN;LYN;POLR2K;POLR2K;ICAM1;ICAM1;TRIM26;POLR2A;INPP5K;PLCG1;ELOC;CXCL8;SP100;CD93;CD93;ANPEP;LTBR;CUL2;TGFB1;CCDC86;TBP;TRIM14;IFIT1;SRPK2;NUP98;NUP98;KDM4A;LGALS9;TLN1;EIF3B;CUL5;CUL5;CAMLG;CD4;IFIT5;IFIT5;SKP2;TRIM13;FMR1;MAP3K5;KAT2B;NUP42;WWP2;PCBP2;CEBPA;IL2RG;APOBEC3G;ACOT8;NUP58;ELMO1;ITGB3;ITGB3;CCNT2;BICD1;LCK;DDX6;NMT2;CTDP1;VRK2;FCN1;OAS1;CD86;YTHDC2;GTF2E1;PSIP1;ASGR2;SLAMF1;LIG4;CR1;PML;CD28;GFI1;EIF4H;BCL2L1;MAP3K7;MAP3K7;TRIM25;CCNT1;TNIP1;UBN1;CD209;SYK;OGT;OGT;TNFRSF1A;TNPO1;SEC13;CD8B;SP110;HCK;AP2S1;CCR3;MAPK1;SP110;CFLAR;CR1;DDB1;PCBP1;"
"11","GO:0060546","negative regulation of necroptotic proce...",20,15,6.83,155,"0.00023","0.00023","YBX3;YBX3;BIRC2;FADD;ARHGEF2;CFLAR;ARHGEF2;CFLAR;CFLAR;CFLAR;CFLAR;CFLAR;CFLAR;CFLAR;NA;"
"12","GO:0031397","negative regulation of protein ubiquitin...",106,54,36.2,162,"0.00026","0.00026","NA;NA;NA;IVNS1ABP;IVNS1ABP;SOX4;SOX4;TRIP12;TSPO;ABL1;ATG5;ATG5;NA;MARCH7;MARCH7;NA;USP4;MAD2L1;PSEN1;CAMLG;CDK5;N4BP1;GNL3L;OGT;OGT;PSEN1;CHP1;RPS3;UBR5;UBR5;OGT;GPS2;CRY1;NA;ATG5;USP4;OGT;FYN;UFL1;NA;PRMT3;SOX4;CHP1;TAF1;GTPBP4;DYSF;ARRB1;FBXO5;ARRB1;N4BP1;N4BP1;ARRB1;GNL3L;ARRB1;"
"13","GO:0071222","cellular response to lipopolysaccharide",213,97,72.74,176,"0.00034","0.00034","PRPF8;RHOA;HMGB1;LITAF;LITAF;PRDX2;VIM;NFKBIA;NA;CD14;RELA;SCARB1;CD55;LTF;PAF1;TSPO;ABL1;TRIB1;BCR;HDAC5;LYN;LYN;ICAM1;ICAM1;NA;NA;CXCL8;SIRPA;SIRPA;TGFB1;NA;TNFRSF1B;RARA;AKAP8;PDE4D;TLR2;KMO;NA;PTPN22;BMP6;PTAFR;CXCL6;CD36;GFI1;NLRP3;LILRB1;IL12A;TNFSF4;IL10;LILRB2;LILRA2;HCK;MALT1;MAPK1;HMGB2;UPF1;NFKB1;CD36;MALT1;MALT1;MAPK14;TFPI;MAPK8;LYN;MAPK14;LILRA2;LILRA2;LILRA2;LILRB1;CXCL8;MAPK14;RARA;PTAFR;CDK19;MAPK3;MTDH;MTDH;MAPK1;LCN2;NA;CDK19;CDK19;PABPN1;SASH1;SRC;NFKBIB;CEBPE;HMGB1;NLRP3;CHMP5;CDC73;CHMP5;STAP1;TLR4;PYCARD;TBXA2R;SASH1;"
"14","GO:0061087","positive regulation of histone H3-K27 me...",15,12,5.12,180,"0.00037","0.00037","PHF1;MTF2;MTF2;OGT;OGT;OGT;EED;MTF2;MTF2;EED;OGT;PHF1;"
"15","GO:0052040","modulation by symbiont of host programme...",15,12,5.12,181,"0.00037","0.00037","BAD;BCL2L1;SERPINB9;BCL2L1;GAPDH;GAPDH;BCL2L1;GAPDH;BCL2L11;GAPDH;GAPDH;GAPDH;"
"16","GO:0052433","modulation by organism of apoptotic proc...",15,12,5.12,182,"0.00037","0.00037","BAD;BCL2L1;SERPINB9;BCL2L1;GAPDH;GAPDH;BCL2L1;GAPDH;BCL2L11;GAPDH;GAPDH;GAPDH;"
"17","GO:0061621","canonical glycolysis",39,24,13.32,194,"0.00042","0.00042","HK1;PGK1;TPI1;PGAM1;ALDOA;PFKP;PFKL;ENO1;PKM;ENO2;BPGM;GPI;PFKL;GAPDH;TPI1;GAPDH;ALDOA;ENO1;ENO1;GAPDH;ADPGK;GAPDH;GAPDH;GAPDH;"
"18","GO:0043488","regulation of mRNA stability",255,113,87.08,200,"0.00043","0.00043","RPS27A;PSMB2;NPM1;HNRNPU;UBB;NA;NA;PSMD8;PSMD2;PSMD4;PSME3;PSME3;ANP32A;ANP32A;PSMF1;PSMF1;YBX3;YBX3;PUM1;PUM1;PSMD1;PSMD1;PSMC4;PSMC3;PSMA2;ZFP36L2;PSMB3;VIM;MAPKAPK2;MAPKAPK2;PUM2;PSMA3;PSMA1;PSMC6;ELAVL1;ELAVL1;NUP214;PSMD12;TENT4A;PRKCD;NA;PSMD5;FMR1;NA;PSMC1;CPEB3;TNPO1;PAIP1;EIF4G1;YWHAB;XPO1;UPF1;UBC;PAIP1;PAIP1;MYD88;TNPO1;TNPO1;METTL3;NA;NA;SERBP1;FTO;PSME3;PAIP1;TNFSF13;MAPK14;PSMD4;LARP1;MAPK14;UBC;NA;MAPK14;PSMD4;PSMA1;ZFP36L1;DHX9;LARP1;PSME4;PSME4;PSME4;GIGYF2;GIGYF2;HNRNPC;TNPO1;ROCK1;HNRNPD;METTL3;PAIP1;NA;PSMB1;HNRNPC;MAPKAPK2;EXOSC8;PABPC1;FMR1;PUM2;SLC11A1;YWHAB;YWHAB;SYNCRIP;DCP1A;IGF2BP2;FASTKD1;FASTKD3;PSMD10;PCID2;TENT5C;HNRNPD;NPM1;YTHDF3;ANGEL2;ANGEL2;"
"19","GO:0060699","regulation of endoribonuclease activity",10,9,3.41,201,"0.00044","0.00044","NPM1;NA;NA;TMBIM6;TMBIM6;ABCE1;ABCE1;NA;NPM1;"
"20","GO:0001907","killing by symbiont of host cells",10,9,3.41,202,"0.00044","0.00044","BAD;GAPDH;GAPDH;NA;GAPDH;BCL2L11;GAPDH;GAPDH;GAPDH;"
"21","GO:0031334","positive regulation of protein complex a...",289,126,98.69,209,"0.00047","0.00047","RHOA;NA;MSN;WARS;WARS;PFN1;GSN;MAPRE1;ACTR2;NA;NA;CNOT1;CNOT1;CTTN;NA;BCLAF1;BCLAF1;CUL4A;CUL4A;RPA1;RPA1;CTNNB1;TP53;ARPC1B;ERCC3;VASP;DLG1;DLG1;DLG1;NA;MECP2;ICAM1;ICAM1;TGFB1;PAN2;PLEK;PLEK;ERCC1;ERCC1;PMAIP1;BID;PFN2;CDK5R1;WAS;FES;XPA;TENM1;WNT10B;TAL1;CD36;HRK;MITF;HCK;MED25;DDB1;EIF4G1;RAC1;RAC1;PARP1;VCP;VCP;ARPC2;RPS3;CLU;CLU;CAND1;CAND1;LCP1;CYFIP1;PINK1;PINK1;CORO1A;SH3GLB1;CDKN1B;CD36;PAK1;ICE1;NCKAP1L;CDC42EP2;ATR;ATR;GSK3B;TCL1A;SH3GLB1;ERCC4;HSP90AA1;IFNG;VEGFA;HNF1A;TRIM27;FSCN1;AKAP9;SUMO1;BID;DCTN1;HSP90AA1;SPIDR;CHD1L;ATM;CLASP1;TOGARAM1;SRC;ERCC2;CDC42EP2;CTTN;CTTN;HSP90AA1;GRB2;TAF1;NCKAP1;CNOT2;ARPC4;EVL;CNOT6;FAF1;ACTR3B;AP1AR;BAG4;CDK5RAP2;TLR4;PYCARD;CLU;BCL2L11;WAS;TCL1A;CORO1B;"
"22","GO:0007159","leukocyte cell-cell adhesion",393,177,134.21,67,"0.00052","3.8e-06","BAD;SART1;RHOA;MSN;HMGB1;HSPD1;PRDX2;FLOT2;ITGA5;DUSP3;DUSP3;DUSP3;DLG5;RELA;CD55;SDC4;CSK;CBFB;DLG1;DLG1;DLG1;FADD;LYN;LYN;ICAM1;ICAM1;MARCH7;MARCH7;CASP3;ITGB2;YES1;YES1;STK10;TGFB1;AP3B1;AP3B1;LGALS9;SEMA4D;S100A9;CD4;RARA;PAWR;CD44;PDPK1;SELL;LCK;SASH3;STAT5B;MAP3K8;ZBTB1;BTN2A2;RASGRP1;CD86;NA;DNAJA3;IL15;SELP;PTPN22;EGR3;VAV1;PTAFR;XCL1;CD28;CEACAM1;AP3D1;PTPN6;IL7;RIPOR2;HSPH1;NLRP3;LILRB1;IL12A;TNIP1;CD209;RAC2;TNFSF4;IL10;IL4;SYK;LILRB2;LAX1;TNFSF14;NR4A3;GNRH1;NFAT5;MADCAM1;SOCS5;MALT1;EZR;EZR;RAC1;RAC1;TFRC;RPS3;AP3D1;CD46;PAK2;PAK2;PAK2;PAK2;PECAM1;PECAM1;PECAM1;CORO1A;SYK;GATA3;PAK1;SOCS5;NCKAP1L;ITCH;ITCH;TMEM131L;CD44;SELPLG;SELPLG;MALT1;MALT1;PRKCQ;LILRB4;IFNG;ICOS;LYN;YES1;AP3D1;IL6ST;CD47;FLOT2;HFE;LILRB1;RARA;PTAFR;CEACAM1;ITGB1;WNK1;WNK1;WNK1;CD44;ZMIZ1;IL6ST;FYN;STAT5B;STAT5B;PTPRC;ROCK1;PTPN2;CYLD;SRC;ZBTB1;NA;ITGAL;RAC2;CD47;CD47;ZAP70;PAWR;HLX;NA;HMGB1;AIF1;GRB2;NFAT5;ADTRP;PRNP;NLRP3;CD300A;ITCH;EZR;IL15;HLA-E;CD44;CD177;IL23A;RC3H2;PYCARD;CYLD;CYLD;STK10;"
"23","GO:0008626","granzyme-mediated apoptotic signaling pa...",12,10,4.1,230,"0.00067","0.00067","LAMP1;LAMP1;LAMP1;BNIP3;BNIP3;UBE4B;UBE4B;UBE4B;LAMP1;UBE4B;"
"24","GO:0045727","positive regulation of translation",161,75,54.98,235,"0.00069","0.00069","RHOA;NPM1;NA;NA;SERP1;SERP1;THBS1;THBS1;YBX3;YBX3;EIF4A3;SOX4;SOX4;VIM;CDC123;ELAVL1;ELAVL1;RXRA;RXRA;FMR1;CTIF;NA;CPEB3;FASTKD2;PTAFR;CD28;UPF3A;UPF3A;PAIP1;MAPK1;DNAJC3;PINK1;PINK1;PAIP1;PAIP1;METTL3;HABP4;NA;PAIP1;NA;LARP1;PTAFR;MAPK3;DHX9;LARP1;MAPK1;DDX3X;LARP4;SAMD4A;NA;RPS4X;HNRNPD;PASK;METTL3;SOX4;PAIP1;UPF3A;PABPC1;NA;FMR1;PASK;FASTKD2;UQCC1;NIBAN1;NIBAN1;CDK5RAP1;USP16;UPF3B;FASTKD3;LIN28A;PIWIL2;HNRNPD;NPM1;YTHDF3;PCIF1;"
"25","GO:1990830","cellular response to leukemia inhibitory...",134,64,45.76,239,"0.00074","0.00074","HNRNPU;MAT2A;NA;PFKP;BCLAF1;BCLAF1;SRSF7;CTBP2;CACYBP;KDM5B;KDM5B;LAPTM5;LAPTM5;PCOLCE;ICAM1;ICAM1;RNMT;JARID2;MTF2;MTF2;BCAT2;ABCD4;EEF1E1;PIGA;CTH;PML;MRAS;TRIM25;MCF2;XRCC5;TFRC;KLF5;EED;PTP4A3;MTF2;MTF2;PADI2;NR5A2;CTBP2;EED;CACYBP;CTBP2;PML;KDM5B;PML;CACYBP;KAT6B;KDM3A;SMARCA5;SRSF7;ADAM23;SMARCA5;EEF1E1;SRSF7;RIF1;CTH;MPC1;NFYB;NFYB;NFYB;SIRT1;MYNN;B3GNT2;TEX14;"
"26","GO:0007041","lysosomal transport",117,57,39.95,242,"0.00077","0.00077","NA;GRN;LRP1;NA;NA;PSAP;PSAP;LAMP1;LAMP1;LAMP1;TSG101;TRAK2;CHMP2B;CHMP2B;NA;GCC2;LAMP2;LAMP2;AP3B1;AP3B1;VPS11;SORL1;ZFYVE16;ATG14;GPRASP1;NAGPA;ADRB2;VCP;VCP;CLU;CLU;PINK1;PINK1;NCOA4;VPS41;LYST;GRN;RAB7A;VPS39;MGRN1;HMGXB4;SORT1;DENND3;LAMP1;GRN;VPS35;HGSNAT;CHMP5;AKTIP;VPS54;CCDC91;EHD3;CHMP5;NA;SNX27;SNX27;CLU;"
"27","GO:0097711","ciliary basal body-plasma membrane docki...",122,59,41.66,245,"0.00079","0.00079","PPP2R1A;MAPRE1;ACTR1A;ACTR1A;PAFAH1B1;RAB11A;NA;PRKACA;CEP57;CEP57;CEP57;OFD1;PCNT;CCP110;CEP290;CNTRL;IQCB1;CEP135;CEP162;CEP162;CSNK1D;TUBB4B;TUBB;TUBA1A;CETN2;CEP57;HAUS3;HSP90AA1;YWHAE;AKAP9;YWHAE;IQCB1;DCTN1;HSP90AA1;TUBA4A;CLASP1;CKAP5;HAUS7;SFI1;TUBB4B;PCM1;FGFR1OP;HSP90AA1;PCM1;CEP152;HAUS6;CEP192;CEP70;CEP76;CEP83;B9D2;CDK5RAP2;MARK4;AHI1;CEP290;SFI1;NA;CEP76;MARK4;"
"28","GO:0006406","mRNA export from nucleus",162,75,55.32,252,"0.00086","0.00086","NA;SRSF11;SRSF11;NA;NA;SRSF7;SRRM1;EIF4A3;EIF4E;NCBP2;NA;RANBP2;TPR;SMG7;SMG7;NUP214;NUP93;CHTOP;CHTOP;NA;NUP98;NUP98;SRSF5;UPF2;NUP42;THOC1;NUP58;HHEX;NA;NA;SRSF6;SEC13;NA;SRSF3;SRSF3;SRSF6;SUPT6H;SRSF1;NXF1;UPF1;THOC5;THOC5;NCBP1;CHTOP;NA;NA;NUP98;SRSF1;NA;SRSF5;YTHDC1;NUP160;THOC2;PABPN1;NA;SRSF7;NUP50;AGFG1;SRSF7;YTHDC1;NA;TPR;MCM3AP;AKAP8L;SMG7;NDC1;AGFG1;NUP54;NUP50;ENY2;NXT1;UPF3B;NUP107;NUP43;SETD2;"
"29","GO:0002573","myeloid leukocyte differentiation",241,106,82.3,256,"0.00088","0.00088","APP;GLO1;GNAS;PAFAH1B1;GNAS;HAX1;CUL4A;CUL4A;CTNNB1;ID2;ANXA2;ACIN1;LTF;TRIB1;NOTCH2;FADD;LYN;LYN;HCLS1;LTBR;CTNNBIP1;TGFB1;CSF1R;RASSF2;INPP5D;PSEN1;MED1;CD4;RARA;GAB2;PIK3CD;MMP9;CEBPA;TYROBP;FCER1G;TLR2;CCR1;RELB;SPI1;LRRC17;FES;GPR183;IL15;TAL1;PF4;CEACAM1;TFE3;NA;LILRB1;CD101;MITF;IL4;PSEN1;ATP6AP1;CBFA2T3;PARP1;TFRC;IFI16;CA2;THOC5;THOC5;GATA3;LILRB4;LILRB3;IFNG;ANXA2;GATA1;MAPK14;MT1G;VEGFA;LYN;NOTCH2;LILRB3;MAPK14;LILRB3;LILRB3;LILRB1;MAPK14;RARA;GNAS;CEACAM1;MYH9;ZFP36L1;RBPJ;GNAS;NOTCH2;TFE3;PTPN2;SP3;ANXA2;NA;GNAS;CEBPE;GNAS;IL15;GNAS;EIF2AK1;EIF2AK1;OSTM1;MAFB;SIRT1;IL23A;DHRS7B;TLR4;TOB2;LEF1;"
"30","GO:0032675","regulation of interleukin-6 production",148,69,50.54,270,"0.00108","0.00108","APP;HMGB1;HSPD1;MAPKAPK2;MAPKAPK2;CSK;SIRPA;SIRPA;CYBA;LGALS9;INPP5D;TYROBP;FCER1G;TLR2;ORM1;NA;NA;IL6R;PTPN22;SLAMF1;PTAFR;CD36;PTPN6;P2RX7;MMP8;TNFSF4;IL10;ARHGEF2;LILRB2;LILRA2;SOCS5;STAT3;STAT3;MBP;NA;MYD88;ARHGEF2;CD36;SOCS5;NCKAP1L;MBP;IL1RAP;HGF;CD47;LILRA2;LILRA2;LILRA2;PTAFR;DHX9;ZBTB20;CD47;CD47;HMGB1;MAPKAPK2;AIF1;LILRA5;IL6R;ARRB1;IFIH1;BANK1;NLRX1;IRAK3;TLR8;C1QTNF3;TLR4;PYCARD;ARRB1;ARRB1;ARRB1;"
"31","GO:0009267","cellular response to starvation",186,84,63.52,273,"0.00112","0.00112","GLUL;ATF4;DAP;EIF2S1;TP53;RALB;RALB;MTMR3;MTMR3;CDKN1A;FOXO1;LAMP2;LAMP2;UPP1;NPRL3;WIPI1;MAP3K5;PMAIP1;PIK3C3;ATG14;WIPI2;DSC2;FAS;ASNS;WRN;MAPK1;MAX;NA;COMT;COMT;STK24;NA;NA;IFI16;UCP2;UCP2;WDR45B;SH3GLB1;NA;AKR1C3;WDR45;WDR45;GAS2L1;BMPR2;SH3GLB1;BMPR2;MAPK8;NPRL3;MAX;SRD5A1;HFE;MTMR3;HSPA5;MAPK3;MAPK1;USP33;TBL2;NA;MAX;NA;NPRL3;HNRNPA1;WIPI2;GLUL;GLUL;HIGD1A;RIPOR1;SLC38A2;RRAGC;SESN1;STK26;WDR59;ATG7;SIRT1;ITFG2;SLC38A2;NA;RRAGD;RRAGD;HIGD1A;HNRNPA1;HNRNPA1;GAS2L1;RIPOR1;"
"32","GO:0043161","proteasome-mediated ubiquitin-dependent ...",456,187,155.72,274,"0.00113","0.00113","RPS27A;PSMB2;NA;UBB;UBE2D3;SKP1;OS9;NA;NA;PSMD8;PSMD2;BCAP31;PSMD4;SDCBP;PSME3;PSME3;NA;RAD23A;RAD23A;PSMF1;PSMF1;SMARCC1;SMARCC1;SMARCC1;SMARCC1;PSMD1;PSMD1;PSMC4;BAG6;PSMC3;DAB2;DAB2;DAB2;PSMA2;PPP2CB;PSMB3;CUL4A;CUL4A;BUB3;BUB3;USP7;USP7;PSMA3;CTNNB1;USP14;PSMA1;PSMC6;RYBP;RYBP;TBL1X;TBL1X;TBL1X;SEL1L;SEL1L;BIRC2;NA;TRIB1;UBE4B;UBE4B;PSMD12;KEAP1;TRIB2;NA;CDC16;DNAJB9;CDC23;SIAH1;SIAH1;MAD2L1;PSMD5;PSEN1;CAMLG;CD2AP;SKP2;TRIM13;WWP2;PCBP2;CEBPA;KLHL20;PSMC1;CDK2;N4BP1;SPOP;ERCC8;WNT10B;PML;CSNK1A1;TRIM25;OGT;OGT;PSEN1;ANAPC10;CSNK1D;CBFA2T3;SOCS5;DDB1;VCP;VCP;NA;NA;CLU;CLU;CSNK1A1;UBC;NA;UBE2V2;OGT;DDIT3;FZR1;SOCS5;CDC16;CDC16;ARNTL;PSME3;GSK3B;BUB3;BAG6;PSMD4;UBE4B;DAB2;PML;SUMO1;UBC;HFE;PML;PSMD4;PSMA1;MTA1;HSPA5;UBXN4;UBXN4;FAF2;PSME4;PSME4;PSME4;OGT;ECPAS;NEDD4L;MARCH6;UBE2E1;UFL1;RCHY1;PCBP2;PCBP2;BAG6;TBL1X;PPP2R5C;RCHY1;PSMB1;UBE4B;UBQLN2;UBXN8;TAF1;NPLOC4;UBE2H;PCNP;UBE2J1;CDC27;CDC27;FAF1;CRBN;DERL2;HECTD3;ARRB1;FBXO5;SIRT1;RNF34;DERL1;PSMD10;FBXO38;WAC;BBS7;UCHL5;SIRT2;EDEM3;DNAJC10;DNAJC10;NA;ARRB1;N4BP1;UBE2H;CLU;BTRC;N4BP1;ARRB1;KCTD13;ARRB1;"
"33","GO:0002739","regulation of cytokine secretion involve...",20,14,6.83,275,"0.00115","0.00115","KARS;HK1;KARS;ATG5;ATG5;TNFRSF1B;LILRB1;IL10;MAPK14;ATG5;MAPK14;LILRB1;MAPK14;MAPK3;"
"34","GO:0031623","receptor internalization",131,62,44.74,282,"0.00118","0.00118","NA;AP2B1;AP2M1;CLTC;AP2B1;LRP1;SDCBP;LRPAP1;SNX1;TBC1D5;TBC1D5;ATXN2;ITGB2;CXCL8;ADM;PICALM;FMR1;GRK3;GRK3;FCER1G;MKLN1;PLCG2;ITGB3;ITGB3;EGF;CD36;CEACAM1;CXCR2;CXCR1;LILRB1;SYK;EZR;EZR;TFRC;FLOT1;FLOT1;SYK;CD36;FLOT1;VEGFA;LILRB1;CXCL8;CEACAM1;ITGB1;ACKR3;SNX1;SNX1;GRB2;PICALM;ITGB3;FMR1;UBQLN2;EZR;RAB31;RAB31;RAB31;EPS15;ARRB1;AHI1;ARRB1;ARRB1;ARRB1;"
"35","GO:0006334","nucleosome assembly",131,62,44.74,283,"0.00118","0.00118","NPM1;RUVBL1;DAXX;NASP;KAT6A;ASF1A;ASF1A;NAP1L1;CENPC;NAP1L3;ITGB3BP;NA;MIS18BP1;UBN1;HIST1H4A;HIST1H4H;NA;HIST1H3G;NA;HIST1H2BE;HIST1H2BH;BRD2;NAP1L1;NA;HMGB2;ATRX;UBN1;SART3;NA;HIST1H1C;CENPX;RBBP4;NA;PADI4;NA;NA;KAT6B;TSPYL4;NAP1L1;SMARCA5;NA;SMARCA5;NAP1L1;NA;NA;H2AFY;H2AFY;HIST1H2BJ;NA;NA;CENPI;BRD2;NA;HIRA;ASF1B;H2AFY2;NAA60;CENPQ;NAP1L2;PADI4;NPM1;NAA60;"
"36","GO:1902107","positive regulation of leukocyte differe...",179,81,61.13,292,"0.00127","0.00127","BAD;SART1;RHOA;HMGB1;GNAS;GNAS;HAX1;ID2;ACIN1;TRIB1;CBFB;FADD;HCLS1;CTNNBIP1;TGFB1;AP3B1;AP3B1;LGALS9;INPP5D;CD4;RARA;TYROBP;SASH3;STAT5B;ZBTB1;CCR1;BTN2A2;FES;RASGRP1;CD86;IL15;EGR3;PF4;AP3D1;IL7;NLRP3;IL12A;CD101;TNFSF4;IL4;SYK;LILRB2;ATP6AP1;SOCS5;MALT1;AP3D1;CD46;SYK;CA2;GATA3;SOCS5;NCKAP1L;MALT1;MALT1;LILRB4;IFNG;AP3D1;RARA;GNAS;ZFP36L1;ZMIZ1;GNAS;STAT5B;STAT5B;PTPRC;CYLD;ZBTB1;NA;ZAP70;GNAS;HLX;GNAS;HMGB1;NLRP3;IL15;GNAS;PCID2;IL23A;LEF1;CYLD;CYLD;"
"37","GO:0006376","mRNA splice site selection",39,23,13.32,293,"0.00129","0.00129","NA;SF3A1;SF3A1;CELF2;KHDC4;SRSF5;SRSF10;PSIP1;SRSF10;SRSF6;SRSF6;SRSF1;PSIP1;SRSF10;PSIP1;SRSF1;SRSF5;YTHDC1;SRSF10;YTHDC1;SF3A1;PTBP2;CELF1;"
"38","GO:0090316","positive regulation of intracellular pro...",215,95,73.42,297,"0.00133","0.00133","UBE2D3;UBE2L3;UBE2L3;UBE2L3;RAN;RAN;NA;BCAP31;FLNA;ARIH2;OAZ2;OAZ2;BAP1;NA;NPEPPS;VAMP2;TPR;TP53;NA;LEPROT;PRKCD;PRKACA;ITGB2;HCLS1;TGFB1;HTRA2;VPS11;ITGB1BP1;ITGB1BP1;ATG13;PSEN1;SORL1;PCNT;RUFY3;CDK5;CAMK1;MIEF1;PTGS2;CDK5R1;CEP290;TENM1;ABLIM3;ITGAM;ANK3;RAC2;PSEN1;CHP1;MAPK1;HUWE1;UBR5;UBR5;PINK1;PINK1;ATG13;SH3GLB1;PAK1;ICE1;GSK3B;SH3GLB1;YWHAE;IFNG;MAPK14;YWHAE;MAPK14;HTRA2;MAPK14;TM9SF4;MAPK1;FYN;TCF7L2;TCF7L2;C2CD5;TMEM30B;RAC2;FLNA;PCM1;CHP1;FLNA;PCM1;TPR;PRNP;NA;RIPOR1;SMAD3;RAB29;ZFAND1;MFF;PDCD5;ECT2;BCAS3;MIEF1;CEP290;SFN;RIPOR1;HPS4;"
"39","GO:0042119","neutrophil activation",633,343,216.16,6,"0.00134","3.4e-26","RHOA;MLEC;CAP1;S100A11;CTSA;GRN;HMGB1;GSN;ACTR2;FTH1;CAPN1;CTSD;IQGAP1;XRCC6;NA;NA;PSMD2;RAP1B;CTSB;CTSB;PRDX6;PSAP;PSAP;PGAM1;VCL;ATP6V0C;SDCBP;ALDOA;CKAP4;CKAP4;PFKL;ACLY;RAB5C;RAB5C;PSMD1;PSMD1;PKM;PSMC3;RAB5B;APEH;PSMA2;CST3;IGF2R;IGF2R;PYGB;QSOX1;PRCP;LAMP1;LAMP1;LAMP1;GYG1;NA;ANXA2;CNN2;CD14;CYB5R3;CD55;CCT2;PGM1;LTF;CPNE3;ACTR1B;CTSH;BCR;ITGAV;PSMD12;PPIE;SLC2A3;SLC2A3;SLC2A3;PRKCD;NA;GUSB;PDXK;ITGB2;TOM1;SERPINA1;CXCL8;CD93;CD93;ANPEP;SIRPA;SIRPA;ADGRE5;PYGL;CYBA;LAMP2;LAMP2;STK10;TIMP2;VPS35L;RHOG;STXBP3;MME;MME;PSEN1;NA;TNFRSF1B;S100A9;FCGR2A;AGL;GNS;CEACAM6;DNASE1L1;CYBB;CYBB;MMP9;MPO;MPO;NA;TYROBP;ENPP4;ENPP4;IMPDH1;FCER1G;TMC6;AGA;S100P;ACPP;PLEKHO2;ARSA;ALOX5;OSTF1;CD44;SELL;LRMP;FGL2;TLR2;ORM1;NA;FPR1;QPCT;FCN1;CEP290;TCN1;NA;CDA;ALDH3B1;TRPM2;BST1;ITGAM;S100A12;KRT1;IL15;CD33;CR1;PTAFR;CXCL6;CFP;CD36;MGAM;CEACAM1;CEACAM8;PTPN6;HP;LILRA3;CPNE1;SIRPB1;CXCR2;CXCR1;MMP8;PGLYRP1;SYK;FCAR;LILRB2;PSEN1;CRISP3;LILRA2;LAIR1;GPI;MAPK1;FGR;RAB3D;NA;CR1;DNAJC3;HUWE1;SPTAN1;VAT1;RAC1;RAC1;XRCC5;VCP;VCP;LTA4H;CAND1;CAND1;CYFIP1;NEU1;ERP44;ERP44;KPNB1;TUBB4B;PECAM1;PECAM1;PECAM1;TUBB;MAN2B1;DIAPH1;NFKB1;SYK;STXBP2;ANXA3;RAB27A;RAB27A;CD36;NCKAP1L;PADI2;CD44;C3AR1;CTSZ;HSP90AA1;LILRB3;CAMP;ANXA2;MAPK14;SIGLEC9;ADGRE3;FPR2;LILRB3;CEACAM3;IQGAP1;PLAUR;RAB27A;ALDH3B1;PFKL;CD47;MAPK14;LILRA2;LILRA2;LILRA2;LILRB3;LILRB3;GRN;SERPINA1;SERPINB6;RAB14;CXCL8;APAF1;MAPK14;PTAFR;CEACAM1;CAT;PLAUR;UBR4;RAB7A;HSP90AA1;CD44;FAF2;AP2A2;MAPK1;GNS;GNS;SCAMP1;CD59;DNAJC13;DDX3X;LCN2;PTPRC;PPIA;GM2A;FTL;ABR;ROCK1;ATP8A1;DOCK2;CTSB;CTSB;IQGAP1;ITGAL;ANXA2;KPNB1;DIAPH1;KPNB1;TUBB4B;LAMP1;CAP1;KPNB1;CD47;CD47;GLIPR1;FTH1;PSMB1;HSP90AA1;ALOX5;GLA;ABR;ALDOA;PLAUR;HMGB1;SPTAN1;GRN;CD300A;IL15;CR1;SLC11A1;CD44;CR1;ARHGAP45;RAB31;RAB31;RAB31;GOLGA7;TOLLIP;KCMF1;LAMTOR3;RNASET2;RNASET2;HGSNAT;PDXK;PDXK;COMMD3;NIT2;CPPED1;RAP2C;RAP2C;ATG7;PLAC8;ARMC8;HPSE;ADA2;CD177;CLEC5A;SIGLEC5;C5AR1;DOK3;ADGRG3;RETN;NA;CRISPLD2;PYCARD;CEP290;CANT1;C6orf120;C6orf120;MOSPD2;NA;ACTR10;GM2A;LRMP;ATP6V0C;STK10;CANT1;"
"40","GO:0051170","import into nucleus",187,84,63.86,303,"0.00137","0.00137","RAN;RAN;FLNA;TXNIP;TXNIP;NA;NFKBIA;MBTPS1;PPP1R10;PPP1R10;RANBP2;TPR;TP53;CDKN1A;PRKCD;SNRPD1;HCLS1;TGFB1;LMNA;PSEN1;MED1;SNRPF;NA;NUP58;PTGS2;GEMIN2;GEMIN4;FGF9;CD36;PML;SYK;TNPO1;PSEN1;CHP1;MAPK1;UBR5;UBR5;KPNB1;STAT3;STAT3;NA;TNPO1;TNPO1;SYK;CD36;ARNTL;HTATIP2;IFNG;MAPK14;GEMIN2;PML;MAPK14;GEMIN2;GEMIN2;MAPK14;PML;MDFIC;NOLC1;KPNA6;MAPK1;TNPO3;TNPO1;SNRPB;NA;KPNB1;KPNA4;KPNB1;FLNA;IPO9;KPNB1;HNRNPA1;TNPO3;CHP1;FLNA;TPR;TSC2;NUP54;SMAD3;GEMIN6;ECT2;HIKESHI;KPNA3;HNRNPA1;HNRNPA1;"
"41","GO:0071514","genetic imprinting",35,21,11.95,311,"0.00153","0.00153","GNAS;GNAS;CTCF;MECP2;KCNQ1;PCGF3;EED;EED;KCNQ1;GNAS;GNAS;NA;PCGF3;CDKN1C;CDKN1C;GNAS;GNAS;CDKN1C;GNAS;DNMT3A;ARID4B;"
"42","GO:0002220","innate immune response activating cell s...",156,73,53.27,234,"0.00155","0.00069","PSMB2;SKP1;PSMD8;PSMD2;PSMD4;PSME3;PSME3;PSMF1;PSMF1;PSMD1;PSMD1;PSMC4;PSMC3;PSMA2;PSMB3;PSMA3;PSMA1;PSMC6;RELA;PSMD12;PRKCD;LYN;LYN;PRKACB;PRKACB;PRKACA;PSMD5;KRAS;PSMC1;FCER1G;PDPK1;PLCG2;ICAM3;RELB;FCN1;NA;MAP3K7;MAP3K7;CD209;SYK;LILRA2;MALT1;PAK2;PAK2;PAK2;PAK2;NFKB1;SYK;PAK1;CHUK;PSME3;MALT1;MALT1;PSMD4;LYN;LILRA2;LILRA2;LILRA2;PSMD4;PSMA1;PSME4;PSME4;PSME4;FYN;SRC;PSMB1;KRAS;MUC5AC;MUC13;PSMD10;FFAR2;MUC5B;BTRC;"
"43","GO:0007033","vacuole organization",160,73,54.64,314,"0.00164","0.00164","NA;GRN;TPP1;TPP1;PPT1;MFN2;ANXA2;MBTPS1;RALB;RALB;MTMR3;MTMR3;NA;ATG5;ATG5;ATG13;PSEN1;SPG11;FIG4;WIPI1;CLN5;PIK3C3;ATG14;IFT88;WIPI2;ATG12;NAGPA;PIP4K2A;P2RX7;PSEN1;RAB1A;PINK1;PINK1;ATG13;WDR45B;CORO1A;SH3GLB1;NA;WDR45;WDR45;ULK1;SH3GLB1;IFT20;ANXA2;ATG5;LYST;GRN;MTMR3;RAB7A;TMEM41B;TMEM41B;PIP4K2A;ATG12;PIKFYVE;ANXA2;ATG12;WIPI2;NAGLU;UBQLN2;GRN;VPS35;CHMP5;TMEM165;CLN6;AKTIP;ATP13A2;CHMP5;RAB20;EMC6;TFEB;MYO7A;TFEB;HPS4;"
"44","GO:0034383","low-density lipoprotein particle clearan...",53,29,18.1,315,"0.00165","0.00165","AP2B1;AP2M1;CLTC;AP2B1;HNRNPK;ANXA2;SCARB1;LIPA;LDLR;AP2S1;CSK;CNPY2;HMOX1;CD36;AP2S1;EHD1;EHD1;EHD1;EHD1;CD36;CNPY2;ANXA2;AP2S1;AP2A2;ANXA2;CLTA;MYLIP;CES3;EHD1;"
"45","GO:0045040","protein import into mitochondrial outer ...",11,9,3.76,318,"0.00166","0.00166","SAMM50;SAMM50;HSPA4;HSPA4;HSP90AA1;HSPA4;HSP90AA1;HSP90AA1;PDCD5;"
"46","GO:0046579","positive regulation of Ras protein signa...",65,34,22.2,334,"0.00192","0.00192","COL3A1;NOTCH2;MAPRE2;LYN;LYN;KRAS;RASGRP1;JAK2;VAV1;NRG1;MAP4K4;NRG1;AKAP13;RAC1;RAC1;IRS2;AKAP13;LYN;NOTCH2;CRKL;NOTCH2;AUTS2;KRAS;SHC1;NA;GRB2;MAP4K4;ARRB1;NOTCH1;AKAP13;ARRB1;AKAP13;ARRB1;ARRB1;"
"47","GO:0014732","skeletal muscle atrophy",13,10,4.44,336,"0.00202","0.00202","IL15;CFLAR;CFLAR;CFLAR;CFLAR;CFLAR;CFLAR;CFLAR;CFLAR;IL15;"
"48","GO:0051131","chaperone-mediated protein complex assem...",27,17,9.22,339,"0.00206","0.00206","PTGES3;NA;NA;HSPD1;CCT2;NA;CLU;CLU;HSPA4;HSPA4;HSP90AA1;HSPA4;HOPX;HSP90AA1;HSP90AA1;BBS10;CLU;"
"49","GO:1900016","negative regulation of cytokine producti...",17,12,5.81,347,"0.00236","0.00236","NA;NA;SIRPA;SIRPA;ADCY7;ABCD1;IL1R2;IL1R2;NA;CUEDC2;PYCARD;C5orf30;"
"50","GO:0009067","aspartate family amino acid biosynthetic...",17,12,5.81,348,"0.00236","0.00236","GOT2;PLOD1;MTHFD1;PLOD2;MTRR;MTRR;MTR;ASNS;ENOPH1;ASNSD1;APIP;MTHFD2L;"
"51","GO:0030953","astral microtubule organization",17,12,5.81,349,"0.00236","0.00236","RAB11A;DLG1;DLG1;DLG1;EZR;EZR;KPNB1;CLASP1;KPNB1;KPNB1;KPNB1;EZR;"
"52","GO:0035723","interleukin-15-mediated signaling pathwa...",19,13,6.49,351,"0.00239","0.00239","STAT5A;CD4;IL2RG;STAT5B;IL15;STAT3;STAT3;STAT5B;STAT5B;PLCB1;SHC1;GRB2;IL15;"
"53","GO:0090200","positive regulation of release of cytoch...",36,21,12.29,362,"0.00250","0.00250","BAD;PPIF;TP53;BNIP3;BNIP3;MMP9;PMAIP1;BID;HRK;PINK1;PINK1;PLAUR;MLLT11;BID;PLAUR;PLAUR;MFF;PDCD5;CIDEB;PYCARD;BCL2L11;"
"54","GO:0016236","macroautophagy",340,141,116.11,370,"0.00264","0.00264","CAPNS1;GABARAP;CAPN1;ATP6V0C;ATP6V1B2;MFN2;RHEB;SQSTM1;QSOX1;TP53;TSG101;NA;TBC1D5;TBC1D5;BNIP3;BNIP3;ATP6V1A;RB1CC1;RALB;RALB;CHMP2A;MTMR3;MTMR3;SPTLC1;NA;ATG5;ATG5;CHMP2B;CHMP2B;CASP3;PRKACA;LAMP2;LAMP2;HTRA2;SPTLC2;SPTLC2;ATG13;PSEN1;TRIM13;HMOX1;WIPI1;CDK5;PIK3C3;ATG14;IFT88;WIPI2;ATG12;ATG4B;CDK5R1;PIP4K2A;ADRB2;MAP3K7;MAP3K7;MFN1;IL4;PSEN1;VCP;VCP;RAB1A;ATP6V1G1;NA;GABARAPL1;LGALS8;PINK1;PINK1;ATG13;WDR45B;SH3GLB1;NA;WDR45;WDR45;ULK1;SH3GLB1;IFT20;ATG5;MAPK8;CALCOCO2;LARP1;HTRA2;MTMR3;MFN1;RAB7A;EXOC7;VDAC1;ATP6V0D1;MAPK3;CSNK2A1;CSNK2A1;CSNK2A1;LARP1;VPS13D;GAPDH;WDFY3;WDFY3;TMEM41B;TMEM41B;TOMM20;PIP4K2A;ATG12;PIKFYVE;SRC;RHEB;GAPDH;ATG12;WIPI2;ATP6V1G2;STAM2;TSC2;UBQLN2;SPTLC2;MFN1;GAPDH;VPS35;SNX5;POLDIP2;LAMTOR3;RRAGC;NA;VPS13C;TBK1;RETREG1;ATP13A2;ATG7;SIRT1;VPS37C;MTERF3;WAC;MCOLN1;NA;KLHL3;EMC6;ATP6V1H;RRAGD;RRAGD;VPS37B;EXOC1;MTMR14;ATP6V0C;GAPDH;GAPDH;GAPDH;"
"55","GO:0043304","regulation of mast cell degranulation",34,20,11.61,375,"0.00275","0.00275","LYN;LYN;LGALS9;HMOX1;GAB2;FCER1G;PDPK1;SNX4;FES;RAC2;ADGRE2;FGR;STXBP2;LYN;CD84;SNX4;RAC2;CD300A;C12orf4;SPHK2;"
"56","GO:0034453","microtubule anchoring",34,20,11.61,376,"0.00275","0.00275","NA;GCC2;CEP57;CEP57;CEP57;BICD1;BICD2;CEP57;DCTN1;CLASP2;CLASP2;BICD2;BBS4;CLASP1;CEP350;CEP350;CEP350;PCM1;FGFR1OP;PCM1;"
"57","GO:0051092","positive regulation of NF-kappaB transcr...",209,91,71.37,378,"0.00282","0.00282","RPS27A;NPM1;APP;UBB;NA;NA;NA;FLOT2;UBE2N;UBE2N;PRDX3;RELA;LRRFIP1;LTF;NA;ICAM1;ICAM1;ITGB2;TGFB1;TRIM14;LGALS9;S100A9;TRIM13;KRAS;TRAF5;TLR2;TRAF1;S100A12;CTH;CD36;IL18R1;MAP3K7;MAP3K7;TRIM25;NLRP3;ARHGEF2;MALT1;CFLAR;RPS3;FLOT1;FLOT1;CLU;CLU;UBC;STAT3;STAT3;MYD88;NFKB1;ARHGEF2;CFLAR;CD36;CHUK;PRKCB;PRDX3;MALT1;MALT1;PRKCQ;FLOT1;IL1RAP;CFLAR;CFLAR;EDA;UBC;FLOT2;CFLAR;CFLAR;CFLAR;CAT;DHX9;MTDH;MTDH;NA;UBE2N;TRIM37;TRIM22;PRKCI;KRAS;CFLAR;LRRFIP1;ERC1;NLRP3;CTH;IRAK3;TLR4;PYCARD;NPM1;TRAPPC9;TRIM52;CLU;PRKD2;TRAPPC9;"
"58","GO:1903533","regulation of protein targeting",100,48,34.15,379,"0.00282","0.00282","NUCB1;NUCB1;UBE2D3;UBE2L3;UBE2L3;UBE2L3;NA;HAX1;ARIH2;BAP1;NPEPPS;NA;LEPROT;INPP5K;ITGB2;HTRA2;VPS11;ITGB1BP1;ITGB1BP1;ATG13;CDK5;DMTN;MIEF1;CDK5R1;ABLIM3;ITGAM;ANK3;RAC2;CHP1;HUWE1;PINK1;PINK1;ATG13;SH3GLB1;PAK1;SH3GLB1;HTRA2;FYN;C2CD5;RAC2;CHP1;PRNP;ATP5IF1;MFF;PDCD5;BAG4;MIEF1;HPS4;"
"59","GO:0072593","reactive oxygen species metabolic proces...",314,139,107.23,125,"0.00283","0.00011","RHOA;SOD1;PRDX2;GNAI2;THBS1;THBS1;GPX3;GBF1;PRCP;PRDX3;TP53;BNIP3;BNIP3;BIRC2;TSPO;G6PD;CDKN1A;BCR;CYP1B1;CYP1B1;CYP1B1;ATG5;ATG5;DHFR;PRKCD;ICAM1;ICAM1;STK17A;FOXO1;ITGB2;SIRPA;SIRPA;CYBA;TGFB1;FBLN5;RFK;TUSC2;PKD2;NQO2;CYBB;CYBB;MPO;MPO;TYROBP;FOXO3;NA;GCH1;PMAIP1;IFI6;PTGS2;GCHFR;TLR2;NA;ABCD1;ATP7A;ATP7A;BST1;CYP1A1;ITGAM;NA;JAK2;VAV1;PDK3;PDK3;CD36;HP;P2RX7;ALOX12;MMP8;RAC2;IL10;SYK;NA;CFLAR;RAC1;RAC1;CLU;CLU;POR;STAT3;STAT3;PINK1;PINK1;AKR1C3;AATF;SYK;NDUFS4;CFLAR;RAB27A;RAB27A;CD36;PRDX3;NCF2;HSP90AA1;IFNG;MAPK14;CFLAR;CFLAR;ATG5;NA;FPR2;RAB27A;CD47;MAPK14;CFLAR;CFLAR;MAPK14;CFLAR;CAT;HSP90AA1;VDAC1;ATP2B4;ATP2B4;FYN;RAC2;INSR;CD47;CD47;NA;HSP90AA1;GLA;CFLAR;AIF1;GRB2;NA;NA;SMAD3;SESN1;ATP5IF1;PID1;CD177;SIRT2;SIRT5;TLR4;NA;PDK3;CLU;SPHK2;DHFR;"
"60","GO:0019985","translesion synthesis",43,24,14.68,380,"0.00285","0.00285","RFC2;RPS27A;UBB;RPA1;RPA1;RFC5;RFC4;RFC3;ZBTB1;TRIM25;VCP;VCP;UBC;NA;USP10;USP10;UBC;RCHY1;POLD3;ZBTB1;RCHY1;NPLOC4;REV1;POLI;"
"61","GO:0030099","myeloid cell differentiation",501,221,171.09,55,"0.00286","1.6e-06","RPS6;APP;WDR1;WDR1;GLO1;NFE2L1;GNAS;NA;NA;PAFAH1B1;EPAS1;GNAS;MYL9;THBS1;THBS1;HAX1;RPS6;CUL4A;CUL4A;NFKBIA;CTNNB1;ID2;ANXA2;PRDX3;ACIN1;ADAR;LTF;PAF1;TRIB1;G6PD;CBFB;KAT6A;NOTCH2;FADD;NA;LYN;LYN;CASP3;HCLS1;LTBR;CTNNBIP1;TGFB1;CSF1R;SLC11A2;SLC11A2;RASSF2;INPP5D;KMT2B;PSEN1;MED1;BPGM;CD4;RARA;KAT2B;GAB2;PIK3CD;MMP9;CEBPA;NA;MEIS1;TYROBP;FOXO3;NA;FCER1G;DMTN;TLR2;STAT5B;IKZF1;CCR1;SMAD5;RELB;SPI1;ACVR2A;LRRC17;FES;GPR183;PIP4K2A;SLC4A1;JAK2;IL15;NA;TAL1;PF4;ITGA2B;ITGA2B;PML;CEACAM1;TFE3;PTPN6;NA;LILRB1;CD101;PTBP3;MITF;GP1BA;IL4;MPL;GPR171;PSEN1;ATP6AP1;NR4A3;ADD1;HIST1H4A;CBFA2T3;HIST1H4H;HIST1H3G;ACTN1;ACTN1;PARP1;RPS14;TFRC;NA;HMGB2;IFI16;STAT3;STAT3;ABI1;RPS6;CA2;THOC5;THOC5;ASH2L;GATA3;PRKCB;NCKAP1L;PRDX3;DNASE2;NFE2;PRKCQ;LILRB4;LILRB3;L3MBTL1;IFNG;ANXA2;GATA1;MAPK14;MT1G;VEGFA;NA;EPB42;LYN;NOTCH2;LILRB3;WDR1;PML;MAPK14;LILRB3;LILRB3;ACTN1;LILRB1;ALAS2;MAPK14;PML;RARA;THPO;GNAS;CEACAM1;MYH9;NA;ZFP36L1;RBPJ;NA;GNAS;NOTCH2;TFE3;STAT5B;STAT5B;PIP4K2A;PTPN2;SP3;CDKN1C;ACVR1B;CDKN1C;ERCC2;ANXA2;HIPK2;NA;L3MBTL1;NA;GNAS;NA;NA;NA;CEBPE;GNAS;PTBP3;ADD1;ADD1;DNASE2;TRIM58;WDR61;CDKN1C;ITGA2B;IL15;GNAS;EIF2AK1;EIF2AK1;OSTM1;ARNT;ARNT;AGO1;SFXN1;MAFB;CDC73;ATP5IF1;SIRT1;NA;RBM15;KLF13;CLEC5A;IL23A;CLEC1B;KMT2A;DHRS7B;TLR4;TOB2;LEF1;TRIM10;WASF2;KAT8;THRA;"
"62","GO:0080135","regulation of cellular response to stres...",864,337,295.05,281,"0.00304","0.00117","BAD;NA;NPM1;KARS;APP;PTGES3;SOD1;P4HB;P4HB;GRN;HMGB1;OS9;ACTR2;NFE2L1;ARL6IP5;HNRNPK;ATF4;LRP1;NA;NA;TMBIM6;TMBIM6;PAFAH1B1;HYOU1;BCAP31;KARS;NCOR1;NCOR1;PSAP;PSAP;DEK;SDCBP;NA;BCLAF1;BCLAF1;YBX3;YBX3;FBXO7;ENO1;BAG6;CUL4A;CUL4A;MAPKAPK2;MAPKAPK2;UBE2N;UBE2N;RPA1;RPA1;CTNNB1;DUSP3;DUSP3;DUSP3;TRIP12;INSIG1;USP14;PPP1R10;PPP1R10;RANBP2;TPR;TP53;DAXX;LANCL1;RB1CC1;ABL1;ZMYND11;NUP214;NA;NUP93;USP1;MAP2K2;DLG1;DLG1;DLG1;DHFR;PRKCD;NA;LYN;LYN;MARCH7;MARCH7;MANF;FOXO1;NA;NA;TFIP11;DNAJB9;NA;TRAF4;SIRPA;SIRPA;LTBR;FBLN5;HTRA2;RASSF2;NUP98;NUP98;MAP3K3;MAP4K5;INPP5F;TERF2;IGF1R;FMR1;ERCC1;ERCC1;MAP3K5;VASH1;ATF6;NUP42;PAWR;KRAS;THOC1;FOXO3;NA;GCH1;PMAIP1;NUP58;CD44;BID;PTGS2;FAS;BMPR1A;EEF1E1;NA;RWDD3;ABCD1;FKTN;BMP2;WAS;BABAM2;RASGRP1;RAD52;LRIG2;PTPN22;SLAMF1;ZNF365;CD36;PML;MAP4K4;BCL2L1;SKIL;MAP3K7;MAP3K7;HSPH1;MMP8;IL10;SLC7A11;SYK;ARHGEF2;SEC13;NR4A3;NDEL1;MAPK1;DNAJC3;EZR;EZR;EIF4G1;PARP1;RPS3;CLU;CLU;STK24;UBR5;UBR5;PPP4C;DNAJB6;PINK1;PINK1;DYRK1A;NSD2;UBE2V2;SYK;GPS2;DDIT3;THOC5;THOC5;ARHGEF2;CD36;PAK1;CRY1;ITCH;ITCH;ARNTL;CD44;ATR;ATR;GSK3B;NA;ERCC4;BAG6;HSP90AA1;YWHAE;VEGFA;RAD52;NA;MID1;EPHB1;LYN;NUP98;YWHAE;HGF;PML;MAP4K5;HTRA2;GRN;NSMCE4A;BABAM2;PML;MDFIC;BID;SERINC3;TRAF4;HSPA5;HSP90AA1;CD44;RSL1D1;MAPK3;GRINA;DHX9;NA;OPA1;MAPK1;BCL2L1;KDM1A;FYN;PDE8A;SPIDR;SMCHD1;NA;AKT3;BABAM2;ATM;NUP160;PHLPP1;UBE2N;PIAS4;SMYD2;SMYD2;ACKR3;DNAJC2;PTPN2;PLCB1;SASH1;CYLD;BAG6;NA;MAP2K2;BMPR1A;NUP50;HIPK2;EEF1E1;SFPQ;NA;PAWR;MINK1;HSP90AA1;KRAS;NA;RIF1;HMGB1;BCL2L1;MAPKAPK2;TPR;NA;FMR1;UBQLN2;SKIL;GRN;MAP3K4;BRCC3;ENO1;PYHIN1;NA;MICU1;ITCH;EZR;ENO1;CD44;CHCHD2;EIF2AK1;EIF2AK1;MAPKAP1;UBE2J1;NDC1;MAGEF1;MAP4K4;ARMT1;MUL1;NUP54;NUP50;DERL2;VPS13C;TRIAP1;STK26;RFWD3;CHORDC1;ZNF277;ATG7;NUP107;MAP3K20;FBXO5;SIRT1;NUP43;RNASEH2B;NSMCE4A;ETAA1;RADX;PSMD10;ELL3;BAG4;HIKESHI;PARPBP;MRNIP;SHLD2;TAOK3;SETD2;TLR4;IL26;BRCC3;TEX15;SERINC3;SERINC3;NA;USP47;TAF9B;PYCARD;NPM1;SFPQ;CLU;CYLD;CERS2;BCL2L11;EMC10;WAS;CYLD;SASH1;SEMA4C;DHFR;"
"63","GO:0017038","protein import",208,95,71.03,177,"0.00320","0.00035","RAN;RAN;FLNA;TXNIP;TXNIP;NA;NFKBIA;SAMM50;SAMM50;MBTPS1;PPP1R10;PPP1R10;PEX19;RANBP2;TPR;TP53;NA;CDKN1A;PRKCD;HCLS1;LAMP2;LAMP2;TGFB1;LMNA;PSEN1;MED1;PEX3;PEX3;PEX3;NUP58;PTGS2;PEX1;PEX12;FGF9;CD36;PML;SYK;TNPO1;PSEN1;CHP1;MAPK1;CLU;CLU;HSPA4;HSPA4;UBR5;UBR5;KPNB1;STAT3;STAT3;NA;TNPO1;TNPO1;SYK;CD36;ARNTL;HSP90AA1;PEX2;IFNG;MAPK14;PML;HSPA4;MAPK14;MAPK14;PML;MDFIC;NOLC1;HSP90AA1;MAPK1;TNPO3;TNPO1;KPNB1;KPNA4;KPNB1;FLNA;IPO9;KPNB1;HSP90AA1;TNPO3;CHP1;FLNA;PEX1;TPR;TSC2;NUP54;SMAD3;TIMM9;PDCD5;ECT2;HIKESHI;KPNA3;NA;NA;CLU;AGK;"
"64","GO:0010389","regulation of G2/M transition of mitotic...",239,102,81.62,398,"0.00349","0.00349","PSMB2;APP;RAD21;PPP2R1A;SKP1;MAPRE1;ACTR1A;ACTR1A;PAFAH1B1;PSMD8;PSMD2;RAB11A;PSMD4;PSME3;PSME3;PSMF1;PSMF1;NA;PSMD1;PSMD1;PSMC4;PSMC3;PSMA2;PSMB3;PSMA3;PSMA1;PSMC6;BRD4;BRD4;NAE1;PSMD12;MECP2;PRKACA;NBN;PSMD5;CEP57;CEP57;CEP57;OFD1;PCNT;SMARCD3;PSMC1;CDC7;CCP110;FOXN3;CEP290;CNTRL;CEP135;RAD51C;WNT10B;CSNK1D;TUBB4B;TUBB;TUBA1A;CETN2;PSME3;CEP57;TPX2;HAUS3;HSP90AA1;RAD51B;YWHAE;PSMD4;AKAP9;YWHAE;PSMD4;PSMA1;DCTN1;HSP90AA1;PBX1;PSME4;PSME4;PSME4;TUBA4A;ATM;CLASP1;CKAP5;HAUS7;SFI1;TUBB4B;PCM1;FGFR1OP;PSMB1;HSP90AA1;PCM1;CEP152;FOXN3;HAUS6;CEP192;FBXO5;CEP70;RNASEH2B;CEP76;PSMD10;MRNIP;TAOK3;CDK5RAP2;USP47;DONSON;CEP290;SFI1;CEP76;"
"65","GO:0031579","membrane raft organization",28,17,9.56,403,"0.00359","0.00359","GSN;PPT1;FLOT2;ANXA2;PACSIN2;DLG1;DLG1;DLG1;CD2;FLOT1;FLOT1;FLOT1;ANXA2;FLOT2;PTPRC;DOCK2;ANXA2;"
"66","GO:0042098","T cell proliferation",195,85,66.59,405,"0.00366","0.00366","RPS6;MSN;HMGB1;PRDX2;RPS6;CTNNB1;DLG5;TP53;CD55;SDC4;ABL1;PPP3CB;DLG1;DLG1;DLG1;FADD;CTPS1;MARCH7;MARCH7;CASP3;TGFB1;LGALS9;ELF4;TNFRSF1B;CD4;PAWR;SASH3;STAT5B;BTN2A2;DNAJA3;IL15;XCL1;PIK3CG;PIK3CG;CD28;PTPN6;P2RX7;LILRB1;IL12A;CD209;RAC2;TNFSF4;IL10;IL4;LILRB2;TNFSF14;GNRH1;MALT1;TFRC;RPS3;CD46;CORO1A;RPS6;NCKAP1L;ITCH;ITCH;TMEM131L;BTN3A1;PPP3CB;MALT1;MALT1;PRKCQ;IL6ST;LILRB1;IL6ST;FYN;STAT5B;STAT5B;PTPRC;DOCK2;RAC2;ZAP70;PAWR;NA;HMGB1;AIF1;PRNP;ITCH;IL15;HLA-E;SLC11A1;IL23A;RC3H2;PYCARD;ELF4;"
"67","GO:0060964","regulation of gene silencing by miRNA",144,65,49.17,411,"0.00389","0.00389","NA;NCOR1;NCOR1;PUM1;PUM1;PUM2;FXR1;RANBP2;ELAVL1;ELAVL1;TPR;TP53;POLR2B;NUP214;NUP93;MAP2K2;POLR2K;POLR2K;POLR2A;TGFB1;NUP98;NUP98;FMR1;NUP42;NUP58;IPO8;NA;SEC13;NCOR2;HIST1H4A;HIST1H4H;HIST1H3G;EIF4G1;NA;STAT3;STAT3;POLR2C;POLR2H;NUP98;NA;NA;DHX9;NA;NUP160;NA;MAP2K2;NUP50;NA;POLR2E;NA;NA;NA;NA;TPR;FMR1;PUM2;POLR2A;POLR2E;NDC1;NUP54;AGO1;NUP50;NUP107;NUP43;LIN28A;"
"68","GO:1903298","negative regulation of hypoxia-induced i...",10,8,3.41,414,"0.00403","0.00403","TMBIM6;TMBIM6;HYOU1;ENO1;PINK1;PINK1;ENO1;ENO1;"
"69","GO:1903944","negative regulation of hepatocyte apopto...",10,8,3.41,415,"0.00403","0.00403","CFLAR;CFLAR;CFLAR;CFLAR;CFLAR;CFLAR;CFLAR;CFLAR;"
"70","GO:1901740","negative regulation of myoblast fusion",10,8,3.41,416,"0.00403","0.00403","CFLAR;CFLAR;CFLAR;CFLAR;CFLAR;CFLAR;CFLAR;CFLAR;"
"71","GO:0032760","positive regulation of tumor necrosis fa...",99,47,33.81,419,"0.00406","0.00406","APP;THBS1;THBS1;MAPKAPK2;MAPKAPK2;CD14;FADD;CYBA;LGALS9;CYBB;CYBB;TYROBP;FCER1G;SASH3;TLR2;ORM1;NA;RASGRP1;CD2;JAK2;PTAFR;PF4;CD36;TNFRSF8;MMP8;ARHGEF2;LILRA2;CLU;CLU;ARHGEF2;CD36;LILRA2;LILRA2;LILRA2;PTAFR;DHX9;PTPRC;ZBTB20;MAPKAPK2;LILRA5;HLA-E;ARFGEF2;IFIH1;IL23A;TLR4;PYCARD;CLU;"
"72","GO:1904037","positive regulation of epithelial cell a...",51,27,17.42,428,"0.00437","0.00437","BAD;GSN;THBS1;THBS1;EIF2S1;TIA1;TIA1;TIA1;TIA1;TIA1;NA;NA;PLCG1;FOXO3;NA;JAK2;AKR1C3;NA;FASLG;NA;SORT1;PIAS4;NA;PRKCI;NA;CAPN10;CAPN10;"
"73","GO:0045648","positive regulation of erythrocyte diffe...",51,27,17.42,429,"0.00437","0.00437","NA;NA;ID2;NA;INPP5D;MED1;FOXO3;NA;STAT5B;ACVR2A;TAL1;HMGB2;STAT3;STAT3;NCKAP1L;GATA1;MAPK14;NA;MAPK14;MAPK14;STAT5B;STAT5B;ACVR1B;NA;TRIM58;ARNT;ARNT;"
"74","GO:1903362","regulation of cellular protein catabolic...",320,132,109.28,431,"0.00442","0.00442","MSN;UBB;OS9;NFE2L1;LRP1;NA;NA;BCAP31;NA;SDCBP;PSME3;PSME3;NA;RAD23A;RAD23A;PSMF1;PSMF1;SMARCC1;SMARCC1;SMARCC1;SMARCC1;PSMC4;BAG6;PSMC3;DAB2;DAB2;DAB2;USP7;USP7;ANXA2;USP14;PSMC6;RYBP;RYBP;FURIN;LDLR;NA;TRIB1;KEAP1;TRIB2;NA;MARCH7;MARCH7;PRKACA;VPS11;PSEN1;CAMLG;FMR1;CEBPA;PSMC1;N4BP1;NA;WNT10B;EGF;PML;CSNK1A1;RNF40;OGT;OGT;PSEN1;CSNK1D;CBFA2T3;SOCS5;EZR;EZR;VCP;VCP;NA;NA;CLU;CLU;CSNK1A1;PINK1;PINK1;NA;UBE2V2;OGT;RNF139;SOCS5;PSME3;GSK3B;NA;BAG6;HSP90AA1;ANXA2;DAB2;PML;SUMO1;HFE;PML;HSP90AA1;CSNK2A1;CSNK2A1;CSNK2A1;OGT;RDX;UFL1;RCHY1;NA;UBE3A;UBE3A;BAG6;ANXA2;HIPK2;RCHY1;HSP90AA1;FMR1;UBQLN2;TAF1;PYHIN1;EZR;VPS35;UBE2J1;FAF1;MAGEF1;DERL2;ATP13A2;ATP5IF1;RHBDF1;NA;WDR91;NUDT15;PSMD10;WAC;BBS7;UCHL5;MYLIP;SIRT2;N4BP1;CLU;BTRC;N4BP1;"
"75","GO:0045814","negative regulation of gene expression, ...",122,56,41.66,434,"0.00457","0.00457","HMGB1;BAZ2A;NA;HDAC5;MECP2;PHF1;CREBZF;CREBZF;JARID2;MTF2;MTF2;ASF1A;ASF1A;SPI1;NA;HIST1H4A;HIST1H4H;HIST1H3G;NA;TASOR;TASOR;EED;MTF2;MTF2;RBBP4;TRIM27;ARID1A;EED;NA;NA;ARID1A;SUZ12;SMCHD1;UBR2;SMARCA5;CREBZF;CREBZF;NA;SMARCA5;NA;H2AFY;H2AFY;NA;NA;RIF1;HMGB1;H2AFY2;DNMT3A;RESF1;SIRT1;ATF7IP;SIRT2;SIRT5;MPHOSPH8;EZH1;PHF1;"
"76","GO:0031532","actin cytoskeleton reorganization",112,52,38.25,437,"0.00462","0.00462","RHOA;GSN;FLNA;CTTN;HAX1;ARHGDIA;ARHGDIA;ARHGDIB;ABL1;SIPA1L1;NOTCH2;HCLS1;TGFB1;CSF1R;PLEK;PLEK;CD2AP;CDK5;MKLN1;DMTN;PARVB;S1PR1;FES;TRPM2;HCK;EZR;EZR;PAK1;NOTCH2;ATP2C1;ARHGDIA;MYH9;NOTCH2;ARAP1;AUTS2;FLNA;CTTN;CTTN;MINK1;CDC42BPA;GPR65;FLNA;SHC1;PARVB;EZR;CAPN10;STAP1;BCAS3;CAPN10;F11R;ARAP1;PARVB;"
"77","GO:0003183","mitral valve morphogenesis",12,9,4.1,438,"0.00463","0.00463","SOX4;SOX4;BMPR1A;BMPR2;BMPR2;SMAD6;BMPR1A;SOX4;NOTCH1;"
"78","GO:0035696","monocyte extravasation",12,9,4.1,439,"0.00463","0.00463","SIRPA;SIRPA;PECAM1;PECAM1;PECAM1;CD47;PLCB1;CD47;CD47;"
"79","GO:0046645","positive regulation of gamma-delta T cel...",12,9,4.1,440,"0.00463","0.00463","STAT5B;LILRB1;SYK;SYK;NCKAP1L;LILRB1;STAT5B;STAT5B;PTPRC;"
"80","GO:0051881","regulation of mitochondrial membrane pot...",75,37,25.61,441,"0.00463","0.00463","BAD;UBB;SOD1;ARL6IP5;PRDX3;BNIP3;BNIP3;SLC25A36;TSPO;ABL1;TUSC2;PMAIP1;IFI6;BID;ABCD1;BCL2L1;P2RX7;ALOX12;PARP1;VCP;VCP;UCP2;UCP2;PINK1;PINK1;PRDX3;TCL1A;MLLT11;BID;BCL2L1;SRC;BCL2L1;MUL1;ATP5IF1;PID1;PPA2;TCL1A;"
"81","GO:0002223","stimulatory C-type lectin receptor signa...",150,67,51.22,442,"0.00464","0.00464","PSMB2;SKP1;PSMD8;PSMD2;PSMD4;PSME3;PSME3;PSMF1;PSMF1;PSMD1;PSMD1;PSMC4;PSMC3;PSMA2;PSMB3;PSMA3;PSMA1;PSMC6;RELA;PSMD12;PRKCD;LYN;LYN;PRKACB;PRKACB;PRKACA;PSMD5;KRAS;PSMC1;FCER1G;PDPK1;PLCG2;ICAM3;RELB;NA;MAP3K7;MAP3K7;CD209;SYK;MALT1;PAK2;PAK2;PAK2;PAK2;NFKB1;SYK;PAK1;CHUK;PSME3;MALT1;MALT1;PSMD4;LYN;PSMD4;PSMA1;PSME4;PSME4;PSME4;FYN;SRC;PSMB1;KRAS;MUC5AC;MUC13;PSMD10;MUC5B;BTRC;"
"82","GO:0002250","adaptive immune response",447,179,152.65,446,"0.00474","0.00474","HMGB1;HSPD1;CD55;ALCAM;CTSH;CSK;PPP3CB;DLG1;DLG1;DLG1;FADD;PRKCD;LYN;LYN;ICAM1;ICAM1;HPRT1;NBN;TGFB1;INPP5D;TNFRSF1B;CD4;ERCC1;ERCC1;ADCY7;PIK3CD;THOC1;CD48;FCER1G;NA;FGL2;NA;SASH3;ZBTB1;RELB;CD79B;WAS;GPR183;SIT1;CD86;NA;JAK2;SLAMF1;LIG4;CR1;XCL1;PIK3CG;PIK3CG;CD28;CEACAM1;IL18R1;TFE3;PTPN6;MAP3K7;MAP3K7;LILRA3;NLRP3;P2RX7;LILRB1;ADGRE1;IL12A;CD209;TNFSF4;IL10;IL4;SYK;LILRB2;LAX1;LILRA1;CD8B;LAIR1;SOCS5;MALT1;CR1;LILRA6;TFRC;CD46;CLU;CLU;SUPT6H;STAT3;STAT3;NSD2;SYK;MSH2;NA;NA;RAB27A;RAB27A;GATA3;SOCS5;TRAC;PRKCB;BTN3A1;NA;PPP3CB;LAT;MALT1;MALT1;PRKCQ;SH2D1A;LILRB4;LILRB3;TNFSF13;ERAP1;TRIM27;LILRA1;LYN;LILRB3;RAB27A;IL6ST;LAT;LILRB3;LILRB3;NA;CD84;SH2D1A;SH2D1A;SH2D1A;HFE;LILRB1;ITK;NA;IGHG1;CEACAM1;IL6ST;TFE3;FYN;PTPRC;STX7;PVR;JAM3;RNF19B;ZBTB1;CD3D;RSAD2;ERAP1;ZAP70;HLX;FCGR1B;NA;RIF1;HMGB1;NA;NA;NLRP3;NA;NA;NA;IGLC1;HLA-E;CR1;SLC11A1;CR1;SIRT1;SLAMF7;SEMA4A;CLCF1;LIME1;FBXO38;DENND1B;MCOLN1;IL23A;RC3H2;SAMSN1;SHLD2;TLR8;TLR4;LEF1;LAT2;PYCARD;MARCH8;TFEB;HLA-F;CLU;RNF19B;PRKD2;WAS;TFEB;"
"83","GO:0090304","nucleic acid metabolic process",5083,1888,1735.79,28,"0.00475","1.2e-08",";"
"84","GO:2001044","regulation of integrin-mediated signalin...",18,12,6.15,449,"0.00489","0.00489","CTNNA1;CTNNA1;FLNA;TIMP1;ITGB1BP1;ITGB1BP1;DMTN;BST1;CTNNA1;FLNA;FLNA;CD177;"
"85","GO:0051712","positive regulation of killing of cells ...",14,10,4.78,450,"0.00491","0.00491","BAD;PGLYRP1;IFNG;GAPDH;GAPDH;GAPDH;BCL2L11;GAPDH;GAPDH;GAPDH;"
"86","GO:1905461","positive regulation of vascular associat...",14,10,4.78,451,"0.00491","0.00491","ATF4;MFN2;NA;NA;E2F3;STK4;NA;NA;NA;NA;"
"87","GO:0002227","innate immune response in mucosa",16,11,5.46,455,"0.00498","0.00498","LTF;NA;NA;HIST1H2BE;H2BFS;HIST1H2BK;CAMP;NA;NA;HIST1H2BJ;NA;"
"88","GO:0043154","negative regulation of cysteine-type end...",120,55,40.98,458,"0.00511","0.00511","THBS1;THBS1;PRDX3;RPS6KA1;MMP9;IFI6;CD44;PTGS2;NAIP;TNFSF14;TNFAIP8;CFLAR;PAK2;PAK2;PAK2;PAK2;POR;DNAJB6;SIAH2;CFLAR;SERPINB9;PRDX3;CD44;TNFAIP8;YWHAE;VEGFA;CFLAR;CFLAR;PLAUR;YWHAE;HGF;CFLAR;CFLAR;CFLAR;PLAUR;ARL6IP1;CD44;CSNK2A1;CSNK2A1;CSNK2A1;DDX3X;SRC;CFLAR;PLAUR;CD44;TRIAP1;ARRB1;RNF34;CAAP1;USP47;LEF1;ARRB1;SFN;ARRB1;ARRB1;"
"89","GO:0006283","transcription-coupled nucleotide-excisio...",95,45,32.44,459,"0.00512","0.00512","RFC2;RPS27A;UBB;HMGN1;HMGN1;COPS6;CUL4A;CUL4A;USP7;USP7;RPA1;RPA1;POLR2B;COPS3;COPS8;COPS8;COPS8;ERCC3;PPIE;POLR2K;POLR2K;POLR2A;LIG1;RFC5;ERCC1;ERCC1;RFC4;RFC3;ERCC8;XPA;DDB1;UBC;POLR2C;NA;POLR2H;COPS2;ERCC4;UBC;POLD3;ERCC2;POLR2E;TCEA1;POLR2A;POLR2E;COPS4;"
"90","GO:0006094","gluconeogenesis",100,47,34.15,460,"0.00516","0.00516","GOT2;PGK1;ATF4;TPI1;PGAM1;ALDOA;MDH1;ENO1;ENO2;RANBP2;FAM3C;PGM1;KAT2A;FOXO1;CLK2;SLC25A12;SLC25A12;KAT2B;SLC25A11;OGT;OGT;GPI;DDB1;SLC25A11;OGT;CRY1;FBP1;SLC25A1;OGT;GAPDH;TPI1;PTPN2;NA;GAPDH;ALDOA;MST1;ENO1;ENO1;GAPDH;SIRT1;SDHAF3;C1QTNF3;PPP4R3B;G6PC3;GAPDH;GAPDH;GAPDH;"
"91","GO:0010823","negative regulation of mitochondrion org...",61,31,20.83,462,"0.00526","0.00526","NA;NA;PPIF;TP53;BNIP3;BNIP3;TSPO;NA;HTRA2;LMNA;BCL2L1;VAT1;CLU;CLU;PINK1;PINK1;HGF;HTRA2;OPA1;BCL2L1;BCL2L1;TSC2;HIGD1A;MUL1;TRIAP1;TMEM14A;ATG7;PSMD10;BAG4;HIGD1A;CLU;"
"92","GO:0038061","NIK/NF-kappaB signaling",221,94,75.47,467,"0.00549","0.00549","PSMB2;RHOA;ACTN4;APP;LITAF;LITAF;SKP1;PSMD8;PSMD2;PSMD4;PSME3;PSME3;PSMF1;PSMF1;PSMD1;PSMD1;ILK;PSMC4;PSMC3;PSMA2;PSMB3;NFKBIA;PSMA3;PSMA1;PSMC6;CD14;RELA;BIRC2;COPS8;COPS8;COPS8;PSMD12;NA;NA;TRAF4;RASSF2;LGALS9;PSMD5;PSMC1;NA;TLR2;RELB;NR3C2;PTPN22;IL18R1;MAP3K7;MAP3K7;CPNE1;NLRP3;NA;MMP8;TNFSF14;NFAT5;MALT1;RPS3;PPP4C;PPM1B;CHUK;PTP4A3;PSME3;MALT1;MALT1;PSMD4;BIRC3;EDA;PSMD4;PSMA1;TRAF4;PSME4;PSME4;PSME4;NA;PPM1B;DICER1;SASH1;CYLD;PSMB1;NFAT5;NLRP3;ADIPOR1;AGO1;PSMD10;EDAR;IL23A;RC3H2;ADGRG3;NA;C1QTNF3;TLR4;TNFSF15;CYLD;BTRC;CYLD;SASH1;"
"93","GO:0030593","neutrophil chemotaxis",66,33,22.54,468,"0.00560","0.00560","GBF1;ITGB2;CXCL8;MPP1;S100A9;PIK3CD;PDE4D;BST1;S100A12;VAV1;CXCL6;XCL1;PIK3CG;PIK3CG;RIPOR2;CXCR2;RAC2;SYK;RAC1;RAC1;SYK;NCKAP1L;C3AR1;CXCL8;PIP5K1C;JAM3;RAC2;NA;DYSF;IL23A;C5AR1;CAMK1D;MOSPD2;"
"94","GO:0043484","regulation of RNA splicing",190,88,64.88,174,"0.00568","0.00032","NA;NA;NA;HNRNPU;HNRNPK;NA;NA;TMBIM6;TMBIM6;PRDX6;TRA2B;TRA2B;HNRNPH1;SON;SON;SRSF7;MBNL1;MBNL1;SNRNP70;RBM5;RBM5;TIA1;TIA1;TIA1;TIA1;TIA1;SRPK1;NA;POLR2A;SFSWAP;WTAP;SRPK2;NUP98;NUP98;CLK2;SRSF5;AKAP17A;MBNL2;FMR1;SRSF10;MBNL2;RBM42;SRSF10;SRSF6;PTBP3;SRSF3;SRSF3;DDX17;SRSF6;DYRK1A;NCBP1;HABP4;NA;SRSF10;TRA2B;AKAP17A;CLK4;NUP98;RBM25;RBM25;RBM25;RBM25;SRSF5;RBM38;YTHDC1;SREK1;NA;HNRNPH1;SON;SRSF10;HNRNPH1;SRSF7;NA;SRSF7;HNRNPA1;CLK1;PTBP3;YTHDC1;SON;FMR1;POLR2A;PTBP2;CDK12;RBM15;MBNL3;CELF1;HNRNPA1;HNRNPA1;"
"95","GO:0019219","regulation of nucleobase-containing comp...",3995,1481,1364.25,62,"0.00572","2.7e-06",";"
"96","GO:0000398","mRNA splicing, via spliceosome",468,201,159.82,98,"0.00580","3.6e-05","PRPF8;NA;NA;SART1;SMNDC1;HNRNPU;SF3B2;SRSF11;SRSF11;SF3B3;NA;NA;HNRNPK;PRDX6;TRA2B;TRA2B;HNRNPH1;SF3B1;SON;SON;SRSF7;SNRNP70;SRRM1;DDX1;RALY;EIF4A3;SF3A1;SF3A1;DHX15;DHX15;RBM5;RBM5;TIA1;TIA1;TIA1;TIA1;TIA1;NCBP2;NA;NA;ELAVL1;ELAVL1;POLR2B;PRPF4B;CELF2;SRPK1;LSM3;KHDC4;CHERP;PRPF3;GTF2F1;GTF2F1;GTF2F1;PRPF31;PPIE;SNRPB2;POLR2K;POLR2K;NA;USP4;SNRPD1;POLR2A;TFIP11;SFSWAP;BCAS2;WTAP;SRPK2;NUP98;NUP98;DHX8;PCF11;SRSF5;WBP4;FMR1;SNRPF;NA;PCBP2;RBMX2;SRSF10;NA;LSM7;TRA2A;GEMIN2;GEMIN4;RBM42;PSIP1;SNRPA1;SRSF10;SRSF6;HNRNPH3;NA;PCBP1;SRSF3;SRSF3;HNRNPUL1;DDX17;SRSF6;SRSF1;PRPF6;PRCC;HNRNPH3;POLR2C;DYRK1A;SF3B4;CDC5L;SART3;CLNS1A;PRPF4;PRPF4;METTL3;POLR2H;PSIP1;SCAF11;LSM2;NCBP1;HNRNPUL1;PUF60;NA;HNRNPH3;GCFC2;SRSF10;TRA2B;HNRNPH3;PSIP1;GEMIN2;NUP98;GEMIN2;GEMIN2;SF3B1;LSM5;SRSF1;USP4;HNRNPA3;RBM25;RBM25;RBM25;RBM25;PNN;PNN;U2SURP;U2SURP;DHX9;SRSF5;KDM1A;SNRNP27;SNRNP27;YTHDC1;HNRNPC;SREK1;CSTF2T;PABPN1;SNRPB;PCBP2;PCBP2;NA;HNRNPD;NA;NUDT21;HNRNPH1;PPWD1;SON;SRSF10;HNRNPH1;SRSF7;METTL3;NA;SCAF11;POLR2E;SFPQ;SRSF7;HNRNPA1;HNRNPC;YTHDC1;NA;SON;PABPC1;FMR1;SNRPA1;GCFC2;SF3A1;POLR2A;PRMT5;SYNCRIP;DDX41;POLR2E;ZCCHC8;PTBP2;ZMAT5;UPF3B;DCPS;LSM8;RBM15;GEMIN6;CTNNBL1;HNRNPD;CELF1;SFPQ;HNRNPA1;NA;HNRNPA1;NA;"
"97","GO:0002366","leukocyte activation involved in immune ...",862,443,294.36,2,"0.00585","5.4e-27","RHOA;KARS;RPS6;MLEC;CAP1;S100A11;CTSA;GRN;HMGB1;GSN;ACTR2;FTH1;CAPN1;CTSD;IQGAP1;XRCC6;NA;NA;HSPD1;PSMD2;RAP1B;CTSB;CTSB;KARS;PRDX6;PSAP;PSAP;PGAM1;VCL;ATP6V0C;SDCBP;ALDOA;CKAP4;CKAP4;PFKL;ACLY;RAB5C;RAB5C;PSMD1;PSMD1;PKM;RPS6;PSMC3;RAB5B;APEH;PSMA2;CST3;IGF2R;IGF2R;PYGB;QSOX1;PRCP;LAMP1;LAMP1;LAMP1;GYG1;VAMP2;NA;ANXA2;CNN2;CD14;TP53;CYB5R3;CD55;CCT2;PGM1;LTF;CPNE3;ABL1;ACTR1B;CTSH;BCR;ITGAV;PSMD12;NOTCH2;PPIE;SLC2A3;SLC2A3;SLC2A3;PRKCD;NA;GUSB;LYN;LYN;ICAM1;ICAM1;PDXK;ITM2A;ITM2A;ITGB2;TOM1;SERPINA1;CD93;CD93;ANPEP;SIRPA;SIRPA;NBN;ADGRE5;PYGL;CYBA;LAMP2;LAMP2;STK10;TGFB1;TIMP2;VPS35L;RHOG;LGALS9;STXBP3;MME;MME;PSEN1;NA;TNFRSF1B;S100A9;FCGR2A;AGL;HMOX1;GNS;ERCC1;ERCC1;RARA;CEACAM6;GAB2;PIK3CD;DNASE1L1;CYBB;CYBB;MMP9;MPO;MPO;NA;THOC1;TYROBP;ENPP4;ENPP4;IMPDH1;FCER1G;TMC6;AGA;S100P;ACPP;PLEKHO2;ARSA;ALOX5;OSTF1;CD44;PDPK1;SELL;PLCG2;LRMP;FGL2;PTGER4;NA;TLR2;ORM1;NA;FPR1;QPCT;ATP7A;ATP7A;RELB;FCN1;CEP290;SNX4;FES;GPR183;TCN1;NA;RASGRP1;CDA;ALDH3B1;CD86;TRPM2;BST1;ITGAM;S100A12;KRT1;CD33;SLAMF1;LIG4;CR1;PTAFR;PIK3CG;PIK3CG;CFP;CD36;MGAM;CD28;CEACAM1;IL18R1;CEACAM8;PTPN6;HP;LILRA3;CPNE1;SIRPB1;CXCR2;NLRP3;CXCR1;LILRB1;MMP8;PGLYRP1;RAC2;TNFSF4;IL10;IL4;SYK;ADGRE2;FCAR;LILRB2;PSEN1;CRISP3;LILRA2;NR4A3;LAIR1;SOCS5;GPI;MALT1;MAPK1;FGR;RAB3D;NA;CR1;DNAJC3;HUWE1;SPTAN1;VAT1;RAC1;RAC1;XRCC5;VCP;VCP;TFRC;LTA4H;CD46;SUPT6H;CAND1;CAND1;LCP1;CYFIP1;NEU1;ERP44;ERP44;KPNB1;TUBB4B;PECAM1;PECAM1;PECAM1;STAT3;STAT3;TUBB;NSD2;CORO1A;RPS6;MAN2B1;DIAPH1;NFKB1;SYK;PI4K2A;STXBP2;ANXA3;MSH2;NA;NA;RAB27A;RAB27A;CD36;GATA3;SOCS5;NCKAP1L;PADI2;CD44;LAT;C3AR1;MALT1;MALT1;CTSZ;HSP90AA1;LILRB3;CAMP;TNFSF13;IFNG;ANXA2;MAPK14;SIGLEC9;ADGRE3;LYN;NOTCH2;FPR2;LILRB3;CEACAM3;IQGAP1;PLAUR;RAB27A;ALDH3B1;LAT;PFKL;CD47;MAPK14;LILRA2;LILRA2;LILRA2;LILRB3;LILRB3;CD84;GRN;LILRB1;SERPINA1;SERPINB6;NA;RAB14;APAF1;MAPK14;RARA;PTAFR;CEACAM1;CAT;PLAUR;UBR4;RAB7A;HSP90AA1;CD44;FAF2;AP2A2;MAPK1;GNS;GNS;NOTCH2;SCAMP1;CD59;DNAJC13;DDX3X;LCN2;PTPRC;SNX4;PPIA;GM2A;FTL;ABR;ROCK1;ATP8A1;DOCK2;CTSB;CTSB;IQGAP1;ITGAL;ANXA2;KPNB1;DIAPH1;KPNB1;RAC2;TUBB4B;LAMP1;CAP1;KPNB1;CD47;CD47;GLIPR1;NA;FTH1;PSMB1;HSP90AA1;ALOX5;GLA;HLX;ABR;ALDOA;RIF1;PLAUR;HMGB1;PI4K2A;SPTAN1;NLRP3;GRN;PLCL2;CD300A;CR1;SLC11A1;MILR1;CD44;CR1;ARHGAP45;RAB31;RAB31;RAB31;GOLGA7;TOLLIP;KCMF1;LAMTOR3;RNASET2;RNASET2;HGSNAT;PDXK;PDXK;COMMD3;C12orf4;NIT2;CPPED1;DYSF;RAP2C;RAP2C;ATG7;PLAC8;ARMC8;SEMA4A;DOCK10;HPSE;CLCF1;ADA2;CD177;CLEC5A;APBB1IP;SIGLEC5;IL23A;C5AR1;RC3H2;DOK3;ADGRG3;SHLD2;RETN;ITFG2;NA;TLR4;CRISPLD2;LEF1;LAT2;PYCARD;CEP290;CANT1;C6orf120;C6orf120;MOSPD2;HLA-F;NA;ACTR10;GM2A;LRMP;ATP6V0C;SPHK2;STK10;CANT1;"
"98","GO:2000641","regulation of early endosome to late end...",29,17,9.9,480,"0.00593","0.00593","MSN;DAB2;DAB2;DAB2;MAP2K2;VPS11;MAPK1;EZR;EZR;DAB2;MAPK3;MAPK1;RDX;DNAJC13;SRC;MAP2K2;EZR;"
"99","GO:2001242","regulation of intrinsic apoptotic signal...",224,99,76.49,265,"0.00609","0.00106","BAD;UBB;SOD1;P4HB;P4HB;HNRNPK;NA;NA;TMBIM6;TMBIM6;HYOU1;BCAP31;BCLAF1;BCLAF1;YBX3;YBX3;ENO1;SLC9A3R1;IVNS1ABP;IVNS1ABP;PPIF;TP53;NA;NA;MARCH7;MARCH7;PLAGL2;PLAGL2;SIAH1;SIAH1;HTRA2;S100A9;GSDME;MMP9;PMAIP1;CD44;BID;PTGS2;LCK;BCL2L1;SKIL;ARHGEF2;PARP1;RPS3;CLU;CLU;PINK1;PINK1;PRKRA;DDIT3;ARHGEF2;CD44;URI1;SEPTIN4;PLAUR;HTRA2;URI1;BID;SERINC3;PLAUR;CD44;GRINA;OPA1;BCL2L1;KDM1A;DDX3X;PIAS4;ACKR3;PTPN2;CYLD;SRC;SFPQ;URI1;PLAUR;BCL2L1;NA;NA;SKIL;ENO1;NA;NA;ENO1;CD44;STYXL1;TRIAP1;SIRT1;ELL3;SERINC3;SERINC3;NA;USP47;TAF9B;PYCARD;SFPQ;NA;CLU;CYLD;BCL2L11;CYLD;"
"100","GO:0032653","regulation of interleukin-10 production",52,27,17.76,485,"0.00616","0.00616","HMGB1;HSPD1;TRIB2;LGALS9;TUSC2;TYROBP;FCER1G;NA;SASH3;TLR2;XCL1;CD28;LILRB1;MMP8;TNFSF4;CD46;HGF;CD47;LILRB1;CD47;CD47;NA;HMGB1;LILRA5;IL23A;TLR4;PYCARD;"
